date,code,title,summary,url
2025-07-16,7735,ユーカリのスクリーンが包む集いの場 - TECTURE MAG,"<a href=""https://news.google.com/rss/articles/CBMic0FVX3lxTE80ekhYc3pjclltMnhxRXEwYnNncHoyTHdJZ3J3SERsVHkyZVZ5ZEg0TVNLZUdnUGxnXzAwVFpMbEt5akN5WHdaMDVIT1NVTW5Qckt2dk9VX1pqbTktYU1VQkI1WF9MQUxaZFpDU295VGQ4RnM?oc=5"" target=""_blank"">ユーカリのスクリーンが包む集いの場</a>&nbsp;&nbsp;<font color=""#6f6f6f"">TECTURE MAG</font>",https://news.google.com/rss/articles/CBMic0FVX3lxTE80ekhYc3pjclltMnhxRXEwYnNncHoyTHdJZ3J3SERsVHkyZVZ5ZEg0TVNLZUdnUGxnXzAwVFpMbEt5akN5WHdaMDVIT1NVTW5Qckt2dk9VX1pqbTktYU1VQkI1WF9MQUxaZFpDU295VGQ4RnM?oc=5
2025-07-17,7735,「音響透過型プロジェクションスクリーンの世界市場」市場規模・動向・予測レポートを発行 - ドリームニュース,"<a href=""https://news.google.com/rss/articles/CBMiVEFVX3lxTE9uM0lhSVItd3RzVm5yNVpYUTNNTWxsOENza1ZiSzF6Y2VVV29qR0dHVjZqbm1GOVFHS2t1b1R5dTl3bS1PbGs4Y185U2ktUE5GVWRvRQ?oc=5"" target=""_blank"">「音響透過型プロジェクションスクリーンの世界市場」市場規模・動向・予測レポートを発行</a>&nbsp;&nbsp;<font color=""#6f6f6f"">ドリームニュース</font>",https://news.google.com/rss/articles/CBMiVEFVX3lxTE9uM0lhSVItd3RzVm5yNVpYUTNNTWxsOENza1ZiSzF6Y2VVV29qR0dHVjZqbm1GOVFHS2t1b1R5dTl3bS1PbGs4Y185U2ktUE5GVWRvRQ?oc=5
2025-07-16,7735,「鬼滅」新作が、シネコンのスクリーンを占拠。割を食う作品が多発するのは、もはや仕方ない？ #エキスパートトピ - Yahoo!ニュース,"<a href=""https://news.google.com/rss/articles/CBMiiAFBVV95cUxPYmQ3VHJhdThUNDVjcGJEVUFXeTI4RVpYMEpkNVBLVkdaUFFyQVYzdHp3a3pvQVpHYTNKU1M4WjlWZDNrS0tzTU0tUEVMcDRrRnJoSXJ0Wk1tcWxhNTNBZmVCZm41dmtXdVlSeUhvU0RYTUdfV1ZXRkFnQUFDMVY3QXZCQjBxSk5D?oc=5"" target=""_blank"">「鬼滅」新作が、シネコンのスクリーンを占拠。割を食う作品が多発するのは、もはや仕方ない？ #エキスパートトピ</a>&nbsp;&nbsp;<font color=""#6f6f6f"">Yahoo!ニュース</font>",https://news.google.com/rss/articles/CBMiiAFBVV95cUxPYmQ3VHJhdThUNDVjcGJEVUFXeTI4RVpYMEpkNVBLVkdaUFFyQVYzdHp3a3pvQVpHYTNKU1M4WjlWZDNrS0tzTU0tUEVMcDRrRnJoSXJ0Wk1tcWxhNTNBZmVCZm41dmtXdVlSeUhvU0RYTUdfV1ZXRkFnQUFDMVY3QXZCQjBxSk5D?oc=5
2025-07-15,7735,「動画のスクリーンショット送信で報酬」詐欺｜青森県｜青森ニュース｜Web東奥 - 東奥日報社,"<a href=""https://news.google.com/rss/articles/CBMiWEFVX3lxTFBIT3l0cjB1SzQ0WDFWMGl1NW9WaE5RUFUxZWQybVBmbUhRWmgyUTFFQlNkemQ4eTE5ZFNiUDc1d2NMazgzRnB1Y0VFOEdvV1BWRjNWaGRMRjM?oc=5"" target=""_blank"">「動画のスクリーンショット送信で報酬」詐欺｜青森県｜青森ニュース｜Web東奥</a>&nbsp;&nbsp;<font color=""#6f6f6f"">東奥日報社</font>",https://news.google.com/rss/articles/CBMiWEFVX3lxTFBIT3l0cjB1SzQ0WDFWMGl1NW9WaE5RUFUxZWQybVBmbUhRWmgyUTFFQlNkemQ4eTE5ZFNiUDc1d2NMazgzRnB1Y0VFOEdvV1BWRjNWaGRMRjM?oc=5
2025-07-17,7735,韓国ドラマ界の“圧倒的女神”ハン・ソヒ、待望のスクリーンデビュー『12月の君へ』2025年冬公開（CAGE） - ｄメニューニュース,"<a href=""https://news.google.com/rss/articles/CBMid0FVX3lxTE9PM0JyU082YXVsLTVSc3hCYWlxUEhQdmtUY19RYW1DYUhTd21HakFwTUtMM0o5V2ZiM1FOMEN1c0FEaVRXYmNuVnVpdF9oaVgyRDZBZ1hORjR1SHpFWHBuZmxuaE1nNm5Ta2ZXd2MwaGVhS2Zsa0pV?oc=5"" target=""_blank"">韓国ドラマ界の“圧倒的女神”ハン・ソヒ、待望のスクリーンデビュー『12月の君へ』2025年冬公開（CAGE）</a>&nbsp;&nbsp;<font color=""#6f6f6f"">ｄメニューニュース</font>",https://news.google.com/rss/articles/CBMid0FVX3lxTE9PM0JyU082YXVsLTVSc3hCYWlxUEhQdmtUY19RYW1DYUhTd21HakFwTUtMM0o5V2ZiM1FOMEN1c0FEaVRXYmNuVnVpdF9oaVgyRDZBZ1hORjR1SHpFWHBuZmxuaE1nNm5Ta2ZXd2MwaGVhS2Zsa0pV?oc=5
2025-07-17,7735,天井までスクリーン⁉ バックストリート・ボーイズのラスベガス公演が“異次元すぎる”と話題 - ELLEgirl,"<a href=""https://news.google.com/rss/articles/CBMilgFBVV95cUxQTFJUQnNlcFA1Ui10RklTTFA5bTJFS0toZjIwRnJYeHlLbFNXQXUzdVdkc3pfNzlEdHd5N2hxMGtUVDlaYTE5Q2FSUHg0S0RRWF9VRFM5ZFhWaXZCQTV5NHVzSlA2ZVlCYnlKS1NlWm9mbFFxdl91cXdrcm5CdE1OdG1Qa2Fyc1kzb1lJY2dPZVRaZlc4LXc?oc=5"" target=""_blank"">天井までスクリーン⁉ バックストリート・ボーイズのラスベガス公演が“異次元すぎる”と話題</a>&nbsp;&nbsp;<font color=""#6f6f6f"">ELLEgirl</font>",https://news.google.com/rss/articles/CBMilgFBVV95cUxQTFJUQnNlcFA1Ui10RklTTFA5bTJFS0toZjIwRnJYeHlLbFNXQXUzdVdkc3pfNzlEdHd5N2hxMGtUVDlaYTE5Q2FSUHg0S0RRWF9VRFM5ZFhWaXZCQTV5NHVzSlA2ZVlCYnlKS1NlWm9mbFFxdl91cXdrcm5CdE1OdG1Qa2Fyc1kzb1lJY2dPZVRaZlc4LXc?oc=5
2025-07-11,7735,韓国ミュージカル ON SCREEN｜2025年7月11日（金）より全5作品順次公開 - LIVE VIEWING JAPAN,"<a href=""https://news.google.com/rss/articles/CBMiUkFVX3lxTFBtRHZMalZmVm4yWnNCSWpqTUlBc01hcWtZemViYWFEN3lFV3ZFeV9iWHB1RlFzakMwY2FJbTZmTGhLUzEyY2x2bmFhMGgxb3VSRUE?oc=5"" target=""_blank"">韓国ミュージカル ON SCREEN｜2025年7月11日（金）より全5作品順次公開</a>&nbsp;&nbsp;<font color=""#6f6f6f"">LIVE VIEWING JAPAN</font>",https://news.google.com/rss/articles/CBMiUkFVX3lxTFBtRHZMalZmVm4yWnNCSWpqTUlBc01hcWtZemViYWFEN3lFV3ZFeV9iWHB1RlFzakMwY2FJbTZmTGhLUzEyY2x2bmFhMGgxb3VSRUE?oc=5
2025-07-02,7735,SCREEN､半導体の先端組み立て装置に参入 生成AIで高機能化に需要 - 日本経済新聞,"<a href=""https://news.google.com/rss/articles/CBMibEFVX3lxTFBQQm9NVUNYV2djS2VqZjZtZ25KMmR0MTlBNlRfbThSR0hQTURjcG0xUGxVYno3Z3ROYUlKdEpmOFduSWZvbzUyQXBfejQ2Uk5NWFBjSjBiS3pncGJzVzk5dnVmX3VnMnNBN1ZZNg?oc=5"" target=""_blank"">SCREEN､半導体の先端組み立て装置に参入 生成AIで高機能化に需要</a>&nbsp;&nbsp;<font color=""#6f6f6f"">日本経済新聞</font>",https://news.google.com/rss/articles/CBMibEFVX3lxTFBQQm9NVUNYV2djS2VqZjZtZ25KMmR0MTlBNlRfbThSR0hQTURjcG0xUGxVYno3Z3ROYUlKdEpmOFduSWZvbzUyQXBfejQ2Uk5NWFBjSjBiS3pncGJzVzk5dnVmX3VnMnNBN1ZZNg?oc=5
2025-07-17,7735,Galaxy Z Flip7が予約開始。カバー画面がフルスクリーン化、折りたたんだままで便利に使える最新縦パカスマホ - corriente.jp,"<a href=""https://news.google.com/rss/articles/CBMiYEFVX3lxTE5KQTlpNFJoR1IwT1k0a1pFcUNaNDl6Q29kRjYyS0NzS0xDV1lhS043a0h6Tzh0VUJ4VHNtLWFrbkdrekRLMzRXU1VBbzRPY1JHYlBwdU82aTAwaWlUM3JhVdIBZkFVX3lxTFB5QUVhRkZBQnBKZmJWOG1hWGZ5SnBpeC1QNDBpTXRXY1hmd1MweTk5YlJYajY0SzEyS0lNYjhtQUVnb0JZMDV3LXlzVlJXUjNTaTR3UThhU19Pd0ZrcTRVNHNEb2hZZw?oc=5"" target=""_blank"">Galaxy Z Flip7が予約開始。カバー画面がフルスクリーン化、折りたたんだままで便利に使える最新縦パカスマホ</a>&nbsp;&nbsp;<font color=""#6f6f6f"">corriente.jp</font>",https://news.google.com/rss/articles/CBMiYEFVX3lxTE5KQTlpNFJoR1IwT1k0a1pFcUNaNDl6Q29kRjYyS0NzS0xDV1lhS043a0h6Tzh0VUJ4VHNtLWFrbkdrekRLMzRXU1VBbzRPY1JHYlBwdU82aTAwaWlUM3JhVdIBZkFVX3lxTFB5QUVhRkZBQnBKZmJWOG1hWGZ5SnBpeC1QNDBpTXRXY1hmd1MweTk5YlJYajY0SzEyS0lNYjhtQUVnb0JZMDV3LXlzVlJXUjNTaTR3UThhU19Pd0ZrcTRVNHNEb2hZZw?oc=5
2025-07-14,7735,「罪悪と快楽の物語」クリムト＆THE KISS アート・オン・スクリーン特別編 HGPomeraさんの映画レビュー（感想・評価） - 映画.com,"<a href=""https://news.google.com/rss/articles/CBMiWkFVX3lxTE1MWFhQR0Z0WEtET2ZsS0p3MFBGYU1nVEctUGs5MzlILWo2ZG5jZ0dveDJuZmRLUFJoWElhV0dwS1ZvWmo5ZERTNkJFWUZYNjF0dzdHb0NOazE4Zw?oc=5"" target=""_blank"">「罪悪と快楽の物語」クリムト＆THE KISS アート・オン・スクリーン特別編 HGPomeraさんの映画レビュー（感想・評価）</a>&nbsp;&nbsp;<font color=""#6f6f6f"">映画.com</font>",https://news.google.com/rss/articles/CBMiWkFVX3lxTE1MWFhQR0Z0WEtET2ZsS0p3MFBGYU1nVEctUGs5MzlILWo2ZG5jZ0dveDJuZmRLUFJoWElhV0dwS1ZvWmo5ZERTNkJFWUZYNjF0dzdHb0NOazE4Zw?oc=5
2025-07-11,7735,【層雲峡 朝陽亭】夏休み限定！描いた絵がスクリーンで動く！お子様3900円の新体験プラン販売開始 - 野口観光グループ,"<a href=""https://news.google.com/rss/articles/CBMiVkFVX3lxTE5heGdkbUQ1eHVJUmRsdUR4T3p4QW9mOGVCdkd2eVl1UjJYQ1l5VHBEV0dVazNlaDBpNFpNcjRDc0pfeUlkZlVfeG9QejBQMm11bmljdWh3?oc=5"" target=""_blank"">【層雲峡 朝陽亭】夏休み限定！描いた絵がスクリーンで動く！お子様3900円の新体験プラン販売開始</a>&nbsp;&nbsp;<font color=""#6f6f6f"">野口観光グループ</font>",https://news.google.com/rss/articles/CBMiVkFVX3lxTE5heGdkbUQ1eHVJUmRsdUR4T3p4QW9mOGVCdkd2eVl1UjJYQ1l5VHBEV0dVazNlaDBpNFpNcjRDc0pfeUlkZlVfeG9QejBQMm11bmljdWh3?oc=5
2025-07-16,7735,【OPK】ビーム電子工業，透明スクリーン・チェンジングディスプレーを展示 - optronics-media.com,"<a href=""https://news.google.com/rss/articles/CBMiXkFVX3lxTE1ESEtWVTZpclFuX1dpTjJDVTN2YUppYWhaQTJwN1BnX3NQWDAyczN2d3llZHNqUW9fdkdtbWtYaFlmNFdnamVNb0E2R25QRmgxS0dhQmJSdVQ2SlZjVXc?oc=5"" target=""_blank"">【OPK】ビーム電子工業，透明スクリーン・チェンジングディスプレーを展示</a>&nbsp;&nbsp;<font color=""#6f6f6f"">optronics-media.com</font>",https://news.google.com/rss/articles/CBMiXkFVX3lxTE1ESEtWVTZpclFuX1dpTjJDVTN2YUppYWhaQTJwN1BnX3NQWDAyczN2d3llZHNqUW9fdkdtbWtYaFlmNFdnamVNb0E2R25QRmgxS0dhQmJSdVQ2SlZjVXc?oc=5
2025-07-11,7735,『蒸気船ウィリー』のスクリーンデビューから2028年で100周年 時代を超えて愛されるポップカルチャーのアイコン「ミッキーマウス」の魅力とは？ - Disney.jp,"<a href=""https://news.google.com/rss/articles/CBMiY0FVX3lxTE5ONHBELXNvWW5Ic2g2T3JGVS0ySW9GMmN6blp2OHVvVHZHU1ZiMlhhX3h6NXNrRUN1V3NDUmZ2ejNyV0NLT284c3dSckNkMk4ta3FLZ1l5M2U2UTNfWTcySlZvVQ?oc=5"" target=""_blank"">『蒸気船ウィリー』のスクリーンデビューから2028年で100周年 時代を超えて愛されるポップカルチャーのアイコン「ミッキーマウス」の魅力とは？</a>&nbsp;&nbsp;<font color=""#6f6f6f"">Disney.jp</font>",https://news.google.com/rss/articles/CBMiY0FVX3lxTE5ONHBELXNvWW5Ic2g2T3JGVS0ySW9GMmN6blp2OHVvVHZHU1ZiMlhhX3h6NXNrRUN1V3NDUmZ2ejNyV0NLT284c3dSckNkMk4ta3FLZ1l5M2U2UTNfWTcySlZvVQ?oc=5
2025-07-16,7735,Da-iCEが甲子園球場のバックスクリーンから夏の高校球児にエール！「ノンフィクションズ」スペシャルコラボPV完成 - ABCマガジン,"<a href=""https://news.google.com/rss/articles/CBMiV0FVX3lxTFBwQ0hGRkZVQmVlbzlpX3E5MmpDRElWa24yTE9RSUo4aG1nUGlrVGdNX040WDZ5ZXRwUkljX0tSRTFObDZDazVQZlNKQ0w1TE5Pb0p0YTR4RQ?oc=5"" target=""_blank"">Da-iCEが甲子園球場のバックスクリーンから夏の高校球児にエール！「ノンフィクションズ」スペシャルコラボPV完成</a>&nbsp;&nbsp;<font color=""#6f6f6f"">ABCマガジン</font>",https://news.google.com/rss/articles/CBMiV0FVX3lxTFBwQ0hGRkZVQmVlbzlpX3E5MmpDRElWa24yTE9RSUo4aG1nUGlrVGdNX040WDZ5ZXRwUkljX0tSRTFObDZDazVQZlNKQ0w1TE5Pb0p0YTR4RQ?oc=5
2025-07-16,7735,「素敵すぎて泣いた」「共感を感じずにいられない」国内映画祭で共感を呼んだ、最高純度の恋心がスクリーンへ『素敵すぎて素敵すぎて素敵すぎる』 - banger.jp,"<a href=""https://news.google.com/rss/articles/CBMiSkFVX3lxTFBaZWhYWGk5TnYxd1Y2UmhEX3pJYWZpc0FyNWhNTnhVakcxRzJmdEdOM214Xy1nOVR4dk4wd2gtSzZ1bkg3M055UXRn?oc=5"" target=""_blank"">「素敵すぎて泣いた」「共感を感じずにいられない」国内映画祭で共感を呼んだ、最高純度の恋心がスクリーンへ『素敵すぎて素敵すぎて素敵すぎる』</a>&nbsp;&nbsp;<font color=""#6f6f6f"">banger.jp</font>",https://news.google.com/rss/articles/CBMiSkFVX3lxTFBaZWhYWGk5TnYxd1Y2UmhEX3pJYWZpc0FyNWhNTnhVakcxRzJmdEdOM214Xy1nOVR4dk4wd2gtSzZ1bkg3M055UXRn?oc=5
2025-07-16,7735,「スクリーンショットで報酬」 仙北市の30代女性、嘘の副業勧められ188万円詐欺被害 秋田・仙北市 - FNNプライムオンライン,"<a href=""https://news.google.com/rss/articles/CBMiTEFVX3lxTE85Rk5nQnRsLVdOTzJ1enp1TXVZbXRWVmpOTkt0cXBLM2w4X3h3SEFJTWVEQWkzNDlVenFmd1ZjSzNzZEZ5UWRkN2FXVUg?oc=5"" target=""_blank"">「スクリーンショットで報酬」 仙北市の30代女性、嘘の副業勧められ188万円詐欺被害 秋田・仙北市</a>&nbsp;&nbsp;<font color=""#6f6f6f"">FNNプライムオンライン</font>",https://news.google.com/rss/articles/CBMiTEFVX3lxTE85Rk5nQnRsLVdOTzJ1enp1TXVZbXRWVmpOTkt0cXBLM2w4X3h3SEFJTWVEQWkzNDlVenFmd1ZjSzNzZEZ5UWRkN2FXVUg?oc=5
2025-07-15,7735,「韓国ミュージカルが凄いらしいと聞きまして。」韓国ミュージカル ON SCREEN「エリザベート」 らまんばさんの映画レビュー（感想・評価） - 映画.com,"<a href=""https://news.google.com/rss/articles/CBMiWkFVX3lxTE5pd0JBZmhmNVRjcHhXN1lnc0llb0RhRmE1anBQaHpRR1p2VjlKaVNOYjM3ZXprY244ZHA4UEVMbVlEOVlKbmtOb2Q3YS1MUGZfX1dRNFN5ZFRGQQ?oc=5"" target=""_blank"">「韓国ミュージカルが凄いらしいと聞きまして。」韓国ミュージカル ON SCREEN「エリザベート」 らまんばさんの映画レビュー（感想・評価）</a>&nbsp;&nbsp;<font color=""#6f6f6f"">映画.com</font>",https://news.google.com/rss/articles/CBMiWkFVX3lxTE5pd0JBZmhmNVRjcHhXN1lnc0llb0RhRmE1anBQaHpRR1p2VjlKaVNOYjM3ZXprY244ZHA4UEVMbVlEOVlKbmtOb2Q3YS1MUGZfX1dRNFN5ZFRGQQ?oc=5
2025-07-15,7735,“スクリーンショット”副業広告から「出金するためには手続き費用が必要」と言われ…30歳代男性が約106万円分の被害 - Yahoo!ニュース,"<a href=""https://news.google.com/rss/articles/CBMif0FVX3lxTE5QQ29yMWo1MThEU2tBRFQxLXo1LTlxUFdqTzdYQ3QzS2VIMXRyVGNxaHpsalNjMGFTcXA5ZGQ3MFktVERqWVVnU0JfSVJpODlqN3BrZl9RdDVsOEdyVTVMdmJPU1NCY211a2Y2NnNsWE5WaUU5N0VWeGkxTkhfVk0?oc=5"" target=""_blank"">“スクリーンショット”副業広告から「出金するためには手続き費用が必要」と言われ…30歳代男性が約106万円分の被害</a>&nbsp;&nbsp;<font color=""#6f6f6f"">Yahoo!ニュース</font>",https://news.google.com/rss/articles/CBMif0FVX3lxTE5QQ29yMWo1MThEU2tBRFQxLXo1LTlxUFdqTzdYQ3QzS2VIMXRyVGNxaHpsalNjMGFTcXA5ZGQ3MFktVERqWVVnU0JfSVJpODlqN3BrZl9RdDVsOEdyVTVMdmJPU1NCY211a2Y2NnNsWE5WaUU5N0VWeGkxTkhfVk0?oc=5
2025-07-14,7735,スクリーンヒーロー×ダンスインザダークは成功パターン コスモフリーゲンの血統を深堀り（netkeiba） - Yahoo!ニュース,"<a href=""https://news.google.com/rss/articles/CBMif0FVX3lxTE5uTEJHblowcGlVRDQwOUxndVg3aTdHazA3NXQ4RDhHRHZCOWFJZUthRmtHb1lKZ3NjWVdrZXFvaGs1OENkbVh4WjN3ODVWTDhzWVhnMlNfYkROMXVYWkk2dGlsbF9fU3FDY1hOcFZ5TEdXMlo5WVdkQTRnX3ZnbjQ?oc=5"" target=""_blank"">スクリーンヒーロー×ダンスインザダークは成功パターン コスモフリーゲンの血統を深堀り（netkeiba）</a>&nbsp;&nbsp;<font color=""#6f6f6f"">Yahoo!ニュース</font>",https://news.google.com/rss/articles/CBMif0FVX3lxTE5uTEJHblowcGlVRDQwOUxndVg3aTdHazA3NXQ4RDhHRHZCOWFJZUthRmtHb1lKZ3NjWVdrZXFvaGs1OENkbVh4WjN3ODVWTDhzWVhnMlNfYkROMXVYWkk2dGlsbF9fU3FDY1hOcFZ5TEdXMlo5WVdkQTRnX3ZnbjQ?oc=5
2025-06-27,7735,「Super Point Screen」、サービス提供開始10周年を記念して、最大130万ポイント山分けキャンペーンを開催 - 楽天グループ株式会社,"<a href=""https://news.google.com/rss/articles/CBMiZ0FVX3lxTE9JX1Q3am1ySUo2UVJDNkNGajcxZmFCOUZOYjVUZVpRMVZMVHQ1a0VaYWlWb1RnTFhzVUp2TjdKR2Z2dHJnVFN1WXozeXloV0dlbmFTSm84eE95eUQ1OWcxLVh5bXNqQVU?oc=5"" target=""_blank"">「Super Point Screen」、サービス提供開始10周年を記念して、最大130万ポイント山分けキャンペーンを開催</a>&nbsp;&nbsp;<font color=""#6f6f6f"">楽天グループ株式会社</font>",https://news.google.com/rss/articles/CBMiZ0FVX3lxTE9JX1Q3am1ySUo2UVJDNkNGajcxZmFCOUZOYjVUZVpRMVZMVHQ1a0VaYWlWb1RnTFhzVUp2TjdKR2Z2dHJnVFN1WXozeXloV0dlbmFTSm84eE95eUQ1OWcxLVh5bXNqQVU?oc=5
2025-06-18,7735,半導体洗浄装置で世界首位「SCREENホールディングス」更なる成長へ積極投資中 - ストレイナー,"<a href=""https://news.google.com/rss/articles/CBMiREFVX3lxTE9lQVRDTGRzYTI2QWs0OUlsNWtSU0xiWHJha3RQSDlWeHNfWWFmaFU2TEFRbU1VUm1FX0dqWEhVSEx5ZVVF?oc=5"" target=""_blank"">半導体洗浄装置で世界首位「SCREENホールディングス」更なる成長へ積極投資中</a>&nbsp;&nbsp;<font color=""#6f6f6f"">ストレイナー</font>",https://news.google.com/rss/articles/CBMiREFVX3lxTE9lQVRDTGRzYTI2QWs0OUlsNWtSU0xiWHJha3RQSDlWeHNfWWFmaFU2TEFRbU1VUm1FX0dqWEhVSEx5ZVVF?oc=5
2025-07-08,7735,京都のSCREENの次なる一手は？ 滋賀新工場やM＆A、新社長が語る「800億円投資」の狙い - 京都新聞デジタル,"<a href=""https://news.google.com/rss/articles/CBMiWEFVX3lxTFB2ZXdBcGNpN3pORnRraFJhOS01TnNhQTFaVEE2QjB3WGZhVzJXdDk5NkZxWnYwNGZkT2l3QVlFanYySDNxQnI2YWtwZ2FISEtRTEtCT1VMbmk?oc=5"" target=""_blank"">京都のSCREENの次なる一手は？ 滋賀新工場やM＆A、新社長が語る「800億円投資」の狙い</a>&nbsp;&nbsp;<font color=""#6f6f6f"">京都新聞デジタル</font>",https://news.google.com/rss/articles/CBMiWEFVX3lxTFB2ZXdBcGNpN3pORnRraFJhOS01TnNhQTFaVEE2QjB3WGZhVzJXdDk5NkZxWnYwNGZkT2l3QVlFanYySDNxQnI2YWtwZ2FISEtRTEtCT1VMbmk?oc=5
2025-06-27,7735,Windowsのブルースクリーン、今夏廃止が決定 代わりは黒に - CNET Japan,"<a href=""https://news.google.com/rss/articles/CBMiUkFVX3lxTE9DUE44bWViVEZ4VkN4Q1FqZFU5OWlEM1k4YUF3ZlJYcXVCNGR3bG0tbmUzeTN0Ylg0NHZ2WEpQUjRTM1BMOEJoTk5QWWhmZWFueFE?oc=5"" target=""_blank"">Windowsのブルースクリーン、今夏廃止が決定 代わりは黒に</a>&nbsp;&nbsp;<font color=""#6f6f6f"">CNET Japan</font>",https://news.google.com/rss/articles/CBMiUkFVX3lxTE9DUE44bWViVEZ4VkN4Q1FqZFU5OWlEM1k4YUF3ZlJYcXVCNGR3bG0tbmUzeTN0Ylg0NHZ2WEpQUjRTM1BMOEJoTk5QWWhmZWFueFE?oc=5
2025-07-16,7735,「スクリーンショット送信で報酬」 仙北市の女性、詐欺被害 - 47news.jp,"<a href=""https://news.google.com/rss/articles/CBMiS0FVX3lxTE5maVc2TXNNWGV1bnBSRWRrUE9BVWJzRUJUajBpV0h3THlKQ2poRF85OUFfX3NpYndwQk1qU292Vm1ZUHZEV09Na0lLdw?oc=5"" target=""_blank"">「スクリーンショット送信で報酬」 仙北市の女性、詐欺被害</a>&nbsp;&nbsp;<font color=""#6f6f6f"">47news.jp</font>",https://news.google.com/rss/articles/CBMiS0FVX3lxTE5maVc2TXNNWGV1bnBSRWRrUE9BVWJzRUJUajBpV0h3THlKQ2poRF85OUFfX3NpYndwQk1qU292Vm1ZUHZEV09Na0lLdw?oc=5
2025-06-27,7735,Windowsのブルースクリーン、今夏からブラックスクリーンに - ITmedia,"<a href=""https://news.google.com/rss/articles/CBMibEFVX3lxTE5xSnJpTlpfNUhoVktxV09hVllvMFNTZkRzUEptbWk5N3hXS0l3dVl2cEtNMWNlM0NsT3ZqMjFOQjRZek5YMTRlNXcyREJJeVVYRkZhMDhVbHhLd1RONUFQV0NYU1F0bGJEczl5SA?oc=5"" target=""_blank"">Windowsのブルースクリーン、今夏からブラックスクリーンに</a>&nbsp;&nbsp;<font color=""#6f6f6f"">ITmedia</font>",https://news.google.com/rss/articles/CBMibEFVX3lxTE5xSnJpTlpfNUhoVktxV09hVllvMFNTZkRzUEptbWk5N3hXS0l3dVl2cEtNMWNlM0NsT3ZqMjFOQjRZek5YMTRlNXcyREJJeVVYRkZhMDhVbHhLd1RONUFQV0NYU1F0bGJEczl5SA?oc=5
2025-07-15,7735,「動画のスクリーンショット送信で報酬」詐欺 - 47news.jp,"<a href=""https://news.google.com/rss/articles/CBMiS0FVX3lxTFBadjMtZmkyaVBjNG5mcVNrT20wdDhqTDZjVjYySDJFUU02cUQ0el80QzRTQXU0SEVDSXlDNDZMS2ZwanBxbzlBdkZFQQ?oc=5"" target=""_blank"">「動画のスクリーンショット送信で報酬」詐欺</a>&nbsp;&nbsp;<font color=""#6f6f6f"">47news.jp</font>",https://news.google.com/rss/articles/CBMiS0FVX3lxTFBadjMtZmkyaVBjNG5mcVNrT20wdDhqTDZjVjYySDJFUU02cUQ0el80QzRTQXU0SEVDSXlDNDZMS2ZwanBxbzlBdkZFQQ?oc=5
2025-07-01,7735,「Windows 11」の「死のブルースクリーン」が黒に変更--QMRとの連携で復旧も強化 - Yahoo!ニュース,"<a href=""https://news.google.com/rss/articles/CBMif0FVX3lxTE1nenBwdVNkRkxoRzlRQWR6cVRYVHlNdkpOd0s3VDZLQmFzRTM3d3RYckJOX2tteTJ1MTVBYnkwLUlyamh4Qll5Nms1cE1qVGVxWU8wNEpJSHg3al94QmNOVWNlcVM2R1JtRFExcHlZSWdIRU1zYk41Y25heWYyOWM?oc=5"" target=""_blank"">「Windows 11」の「死のブルースクリーン」が黒に変更--QMRとの連携で復旧も強化</a>&nbsp;&nbsp;<font color=""#6f6f6f"">Yahoo!ニュース</font>",https://news.google.com/rss/articles/CBMif0FVX3lxTE1nenBwdVNkRkxoRzlRQWR6cVRYVHlNdkpOd0s3VDZLQmFzRTM3d3RYckJOX2tteTJ1MTVBYnkwLUlyamh4Qll5Nms1cE1qVGVxWU8wNEpJSHg3al94QmNOVWNlcVM2R1JtRFExcHlZSWdIRU1zYk41Y25heWYyOWM?oc=5
2025-07-15,7735,シカゴ発の手擦りシルクスクリーンプリントのオリジナル雑貨『PataPriパタプリ(パターンプリント)』が、BEAUTY CELLAR 六本木ヒルズ本店POPUPに登場！ - 繊研新聞,"<a href=""https://news.google.com/rss/articles/CBMirgFBVV95cUxPOXNVTHJ5cHRBc0tIU1VTVGJMVXlYT0JxU2FIaC1DdTZVTFBDU1hkdFRJS0xNSnlDWXhacExpV200TTlEbzBWTV9UOE9ZZkxjbkJORjRlZXRmd0FKX29OeDEwSERPcFhteXBpbE5kOE9LX21CUTA4aWlKOXU2N01RX3VEc0FhaF8tS0hVdlk0bUR4Z0ZSbi1vMjRuWUhYVkFpVUl2cUZ6Sk1KTXFWT3c?oc=5"" target=""_blank"">シカゴ発の手擦りシルクスクリーンプリントのオリジナル雑貨『PataPriパタプリ(パターンプリント)』が、BEAUTY CELLAR 六本木ヒルズ本店POPUPに登場！</a>&nbsp;&nbsp;<font color=""#6f6f6f"">繊研新聞</font>",https://news.google.com/rss/articles/CBMirgFBVV95cUxPOXNVTHJ5cHRBc0tIU1VTVGJMVXlYT0JxU2FIaC1DdTZVTFBDU1hkdFRJS0xNSnlDWXhacExpV200TTlEbzBWTV9UOE9ZZkxjbkJORjRlZXRmd0FKX29OeDEwSERPcFhteXBpbE5kOE9LX21CUTA4aWlKOXU2N01RX3VEc0FhaF8tS0hVdlk0bUR4Z0ZSbi1vMjRuWUhYVkFpVUl2cUZ6Sk1KTXFWT3c?oc=5
2025-07-11,7735,「SCREEN年9月号」表紙はテレンス・ラウ × フェンディ・ファン『鯨が消えた入り江』。7月22日の先行上映では、シネマート新宿限定で、折り目なしポスター2枚が付く「SCREEN9月号 特別版」を販売 - スクリーンオンライン,"<a href=""https://news.google.com/rss/articles/CBMiTEFVX3lxTE9mMmYzNGVUZjJDT0VDVlVtX05SMDE5YXhQSzhsTGFJZnR4eXJTZTRPZlJoNE5Ob3ZiMW5kNm9JcFduN01DajVtQlJOTXI?oc=5"" target=""_blank"">「SCREEN年9月号」表紙はテレンス・ラウ × フェンディ・ファン『鯨が消えた入り江』。7月22日の先行上映では、シネマート新宿限定で、折り目なしポスター2枚が付く「SCREEN9月号 特別版」を販売</a>&nbsp;&nbsp;<font color=""#6f6f6f"">スクリーンオンライン</font>",https://news.google.com/rss/articles/CBMiTEFVX3lxTE9mMmYzNGVUZjJDT0VDVlVtX05SMDE5YXhQSzhsTGFJZnR4eXJTZTRPZlJoNE5Ob3ZiMW5kNm9JcFduN01DajVtQlJOTXI?oc=5
2025-06-28,7735,マイクロソフトがWindowsの「ブルースクリーン」を廃止（Forbes JAPAN） - Yahoo!ニュース,"<a href=""https://news.google.com/rss/articles/CBMif0FVX3lxTE5KX2xjYm8yaDFOb0o1cUZMYU5MeGhzX0VaSDBpeDlXZFhSbGdmZ09kSEdFTVhwXzNlSEdxTmVGM09MNjdpTGpyYlhMcnZxSkphd0NHNHFCb0JjRmNwdmpyTmthbGlLTFZTcmJMMF9hYXBJWDNLY0tuR0Qyd3hFcmM?oc=5"" target=""_blank"">マイクロソフトがWindowsの「ブルースクリーン」を廃止（Forbes JAPAN）</a>&nbsp;&nbsp;<font color=""#6f6f6f"">Yahoo!ニュース</font>",https://news.google.com/rss/articles/CBMif0FVX3lxTE5KX2xjYm8yaDFOb0o1cUZMYU5MeGhzX0VaSDBpeDlXZFhSbGdmZ09kSEdFTVhwXzNlSEdxTmVGM09MNjdpTGpyYlhMcnZxSkphd0NHNHFCb0JjRmNwdmpyTmthbGlLTFZTcmJMMF9hYXBJWDNLY0tuR0Qyd3hFcmM?oc=5
2025-07-14,7735,Apple、タッチスクリーン不要の革新的Apple Pencil技術を特許化 ─ 空中・任意表面での描画実現へ - イノベトピア - innovaTopia,"<a href=""https://news.google.com/rss/articles/CBMiV0FVX3lxTE9PYzRyeHdRbWxrV0FmS3hzS3U0UGZpT3B5QWg1OVZ0Y21DclNLck5nS3NzZjM0VkdRckYwb1hyaVhGSlZLOFJsbUhjbjlhc3ZaVEw2WkZTZw?oc=5"" target=""_blank"">Apple、タッチスクリーン不要の革新的Apple Pencil技術を特許化 ─ 空中・任意表面での描画実現へ - イノベトピア</a>&nbsp;&nbsp;<font color=""#6f6f6f"">innovaTopia</font>",https://news.google.com/rss/articles/CBMiV0FVX3lxTE9PYzRyeHdRbWxrV0FmS3hzS3U0UGZpT3B5QWg1OVZ0Y21DclNLck5nS3NzZjM0VkdRckYwb1hyaVhGSlZLOFJsbUhjbjlhc3ZaVEw2WkZTZw?oc=5
2025-07-13,7735,スクリーンデビューから2028年で100年、時代を超えて愛される「ミッキーマウス」の魅力 - ORICON,"<a href=""https://news.google.com/rss/articles/CBMiT0FVX3lxTFBVb0pzYVlSYS0xTVFCZGRaMWhGRWNkdmVFb2oydF9Dc09sX2ZDdG5BNS1EdmVmZ0pNREpqODg5VFhpSnpHVkU0QTVyOGNfWUU?oc=5"" target=""_blank"">スクリーンデビューから2028年で100年、時代を超えて愛される「ミッキーマウス」の魅力</a>&nbsp;&nbsp;<font color=""#6f6f6f"">ORICON</font>",https://news.google.com/rss/articles/CBMiT0FVX3lxTFBVb0pzYVlSYS0xTVFCZGRaMWhGRWNkdmVFb2oydF9Dc09sX2ZDdG5BNS1EdmVmZ0pNREpqODg5VFhpSnpHVkU0QTVyOGNfWUU?oc=5
2025-07-13,7735,【日米大学野球】MLBドラフト全体１位候補が大きな１発！チョロウスキーがバックスクリーン弾 - nikkansports.com,"<a href=""https://news.google.com/rss/articles/CBMicEFVX3lxTE1JWWh4UEQtNEdDZ3VYZFVPcF9XdTdiYlkxbTdOSTBYanc2OXpkLUtyNWN4aHBpMHhvdE94N1hvbG5WLU45WnprQndMU09XaERva0xEWHlybXdwZWM0dDdTMFZpeTZ4UWdDWGp6VjlrNXDSAXhBVV95cUxOVklrWUd5cy1xdVpHWG1TYzVKeEhycXA3S0l6Y2JtdTdteU82bTMyd0tRVGMyaTlSSlEtRWVtUWs0NTd1ZHRlZXlYdktpRk0tLVNBdUdBcWU1OXJHZm04d0E2N1p0QXc5dUVJSVVvR2Vxcjgwd2VwUHY?oc=5"" target=""_blank"">【日米大学野球】MLBドラフト全体１位候補が大きな１発！チョロウスキーがバックスクリーン弾</a>&nbsp;&nbsp;<font color=""#6f6f6f"">nikkansports.com</font>",https://news.google.com/rss/articles/CBMicEFVX3lxTE1JWWh4UEQtNEdDZ3VYZFVPcF9XdTdiYlkxbTdOSTBYanc2OXpkLUtyNWN4aHBpMHhvdE94N1hvbG5WLU45WnprQndMU09XaERva0xEWHlybXdwZWM0dDdTMFZpeTZ4UWdDWGp6VjlrNXDSAXhBVV95cUxOVklrWUd5cy1xdVpHWG1TYzVKeEhycXA3S0l6Y2JtdTdteU82bTMyd0tRVGMyaTlSSlEtRWVtUWs0NTd1ZHRlZXlYdktpRk0tLVNBdUdBcWU1OXJHZm04d0E2N1p0QXc5dUVJSVVvR2Vxcjgwd2VwUHY?oc=5
2025-06-27,7735,Windows 11（バージョン24H2）の「ブルースクリーン」は2025年夏後半から「ブラックスクリーン」に　　クラウド修復機能も実装へ：レジリエンス強化の一環 - ITmedia PC USER - ITmedia,"<a href=""https://news.google.com/rss/articles/CBMib0FVX3lxTFBiZDJoYmdjbHFtNXdPNGRKTW5lSVFnZmxFamNvUW9PY2Q4RVRvaFhzSGkxZGtaWGhVV1JlSnRIU3liSXgyN2NnUl9kVGVUR01yMU5EUWNnaFAxRHB3XzNjVnh2MFdqbUZ0VXpFb0pqSdIBaEFVX3lxTE11OTUzUHNoTlE0cTAxbnliSXQ2RzIxRFRleTNCT3hqOGZfSnU4SnJmTTNySmgyb1YzQmQwNDhrWi1zOV84OXV0WXV2eW41VEFNeVhXcFJqQWVhSVVtRUVHbjVjWEZQdlhh?oc=5"" target=""_blank"">Windows 11（バージョン24H2）の「ブルースクリーン」は2025年夏後半から「ブラックスクリーン」に　　クラウド修復機能も実装へ：レジリエンス強化の一環 - ITmedia PC USER</a>&nbsp;&nbsp;<font color=""#6f6f6f"">ITmedia</font>",https://news.google.com/rss/articles/CBMib0FVX3lxTFBiZDJoYmdjbHFtNXdPNGRKTW5lSVFnZmxFamNvUW9PY2Q4RVRvaFhzSGkxZGtaWGhVV1JlSnRIU3liSXgyN2NnUl9kVGVUR01yMU5EUWNnaFAxRHB3XzNjVnh2MFdqbUZ0VXpFb0pqSdIBaEFVX3lxTE11OTUzUHNoTlE0cTAxbnliSXQ2RzIxRFRleTNCT3hqOGZfSnU4SnJmTTNySmgyb1YzQmQwNDhrWi1zOV84OXV0WXV2eW41VEFNeVhXcFJqQWVhSVVtRUVHbjVjWEZQdlhh?oc=5
2025-07-11,7735,大阪コミコン2025 熱狂のダイジェスト! - スクリーンオンライン,"<a href=""https://news.google.com/rss/articles/CBMiTEFVX3lxTE9ISWFmS1ZmOFFJWVBoN0FURllnR0QtQURONzl3S3FtOHIxcWphdXZFdmdkVXd3SWZFWHZwTUFnQnQ2SS12Q2VVbUppV1A?oc=5"" target=""_blank"">大阪コミコン2025 熱狂のダイジェスト!</a>&nbsp;&nbsp;<font color=""#6f6f6f"">スクリーンオンライン</font>",https://news.google.com/rss/articles/CBMiTEFVX3lxTE9ISWFmS1ZmOFFJWVBoN0FURllnR0QtQURONzl3S3FtOHIxcWphdXZFdmdkVXd3SWZFWHZwTUFnQnQ2SS12Q2VVbUppV1A?oc=5
2025-07-15,7735,小説が映画になった。 スクリーンに生々しく蘇った「全知的読者視点」が夏の劇場街攻略に乗り出す。 - 매일경제,"<a href=""https://news.google.com/rss/articles/CBMiUEFVX3lxTE5RWmlpbFJCZDlRVEhMNkhhOGV1cWU0azZUWDFPZ1c0ZmoxVEFsaXotU3RXajNhcXRyY3hISmdCUmE1b0dpX3RzT2JDalhzVkdl?oc=5"" target=""_blank"">小説が映画になった。 スクリーンに生々しく蘇った「全知的読者視点」が夏の劇場街攻略に乗り出す。</a>&nbsp;&nbsp;<font color=""#6f6f6f"">매일경제</font>",https://news.google.com/rss/articles/CBMiUEFVX3lxTE5RWmlpbFJCZDlRVEhMNkhhOGV1cWU0azZUWDFPZ1c0ZmoxVEFsaXotU3RXajNhcXRyY3hISmdCUmE1b0dpX3RzT2JDalhzVkdl?oc=5
2025-07-12,7735,モニターアームはデュアルが正解！スクリーンの最適化で作業効率アップを実感 #これ買ってよかった（ライフハッカー［日本版］） - ｄメニューニュース,"<a href=""https://news.google.com/rss/articles/CBMinAFBVV95cUxQWU0weUlUVFU5T1pRRTRnOUJJWkwxd2lRUjY2eDNxOVdENEpsR25XbXpFVGlBN3NPUllrUmdKSHRoVVQ2TV83WXJoYUJJQ2J5QzNyYlZwbXZZMDlJNjgtOS1NLUVUck5HYm94UFdHYWQyU2U2NlZqOGZPTTJTTEwtaEhkcXVUdlF0TzVLT29JUmxEYjdHRm5GWVZjVks?oc=5"" target=""_blank"">モニターアームはデュアルが正解！スクリーンの最適化で作業効率アップを実感 #これ買ってよかった（ライフハッカー［日本版］）</a>&nbsp;&nbsp;<font color=""#6f6f6f"">ｄメニューニュース</font>",https://news.google.com/rss/articles/CBMinAFBVV95cUxQWU0weUlUVFU5T1pRRTRnOUJJWkwxd2lRUjY2eDNxOVdENEpsR25XbXpFVGlBN3NPUllrUmdKSHRoVVQ2TV83WXJoYUJJQ2J5QzNyYlZwbXZZMDlJNjgtOS1NLUVUck5HYm94UFdHYWQyU2U2NlZqOGZPTTJTTEwtaEhkcXVUdlF0TzVLT29JUmxEYjdHRm5GWVZjVks?oc=5
2025-06-27,7735,ブルースクリーンはブラックスクリーンに。Windowsクラッシュ時の画面が変更へ - PC Watch,"<a href=""https://news.google.com/rss/articles/CBMiY0FVX3lxTE11NENLTmtxSmw2U2taTDZSVUNRMVN1X3hiYkc3cmJLTUtUWnhUS1hmQUo0QVE3VTlDb2tQMHZYMTJmSVdWN1VmQ2JqOWdfa0lfX0txeXVtbDZoTkd6QWNva1Y3MA?oc=5"" target=""_blank"">ブルースクリーンはブラックスクリーンに。Windowsクラッシュ時の画面が変更へ</a>&nbsp;&nbsp;<font color=""#6f6f6f"">PC Watch</font>",https://news.google.com/rss/articles/CBMiY0FVX3lxTE11NENLTmtxSmw2U2taTDZSVUNRMVN1X3hiYkc3cmJLTUtUWnhUS1hmQUo0QVE3VTlDb2tQMHZYMTJmSVdWN1VmQ2JqOWdfa0lfX0txeXVtbDZoTkd6QWNva1Y3MA?oc=5
2025-07-11,7735,オム・テウンのスクリーン復帰作「最後の宿題」韓国で8月に公開決定！KIIRAS ドヨンも出演（Kstyle） - Yahoo!ニュース,"<a href=""https://news.google.com/rss/articles/CBMif0FVX3lxTE82VklxTUd4Z3dJWTF2Y3hLMkh6WUtYeGNEeHNaMkxxUFpEcFZONTNBdy05VFBfaGhpaEZKeEUtVEl2eFhLbkdKSkZ3X0lneURqMVRmYWphU0djTzIxMzhiUGEtc25OQVdYRkNzSnZkdGpVejJ0ZTAtdUlCeHJxcnM?oc=5"" target=""_blank"">オム・テウンのスクリーン復帰作「最後の宿題」韓国で8月に公開決定！KIIRAS ドヨンも出演（Kstyle）</a>&nbsp;&nbsp;<font color=""#6f6f6f"">Yahoo!ニュース</font>",https://news.google.com/rss/articles/CBMif0FVX3lxTE82VklxTUd4Z3dJWTF2Y3hLMkh6WUtYeGNEeHNaMkxxUFpEcFZONTNBdy05VFBfaGhpaEZKeEUtVEl2eFhLbkdKSkZ3X0lneURqMVRmYWphU0djTzIxMzhiUGEtc25OQVdYRkNzSnZkdGpVejJ0ZTAtdUlCeHJxcnM?oc=5
2025-07-14,7735,LG電子が移動式スクリーン「スタンバイミー2」のグローバル発売を本格化する。 国内で興行した勢いを海外主要市場に拡大する計画だ。LG電子は今週、香港とテュルキェを皮切りに7月に米国·カナダ·ベトナム - 매일경제,"<a href=""https://news.google.com/rss/articles/CBMiU0FVX3lxTE5HWXo3dTZtcldfNHMzNW1tRjhmTGNnTUdJUHVjXy1rOTF0X0d5MWpiYW1WSnRBNzF2WDdEVndSNGFOM0lFTXdpM0hjRm1EWDZHcTFJ?oc=5"" target=""_blank"">LG電子が移動式スクリーン「スタンバイミー2」のグローバル発売を本格化する。 国内で興行した勢いを海外主要市場に拡大する計画だ。LG電子は今週、香港とテュルキェを皮切りに7月に米国·カナダ·ベトナム</a>&nbsp;&nbsp;<font color=""#6f6f6f"">매일경제</font>",https://news.google.com/rss/articles/CBMiU0FVX3lxTE5HWXo3dTZtcldfNHMzNW1tRjhmTGNnTUdJUHVjXy1rOTF0X0d5MWpiYW1WSnRBNzF2WDdEVndSNGFOM0lFTXdpM0hjRm1EWDZHcTFJ?oc=5
2025-07-11,7735,韓国ミュージカル ON SCREEN「エリザベート」 : 作品情報・キャスト・あらすじ - 映画.com,"<a href=""https://news.google.com/rss/articles/CBMiREFVX3lxTE1xOWM2ZmxXcHJmV0w3VXI4ZmJkMDkxZEdUZVM0T2h4bVBaOG9vcUs3VGpFOE1yY3I1NVpSTHJJODZnT1RD?oc=5"" target=""_blank"">韓国ミュージカル ON SCREEN「エリザベート」 : 作品情報・キャスト・あらすじ</a>&nbsp;&nbsp;<font color=""#6f6f6f"">映画.com</font>",https://news.google.com/rss/articles/CBMiREFVX3lxTE1xOWM2ZmxXcHJmV0w3VXI4ZmJkMDkxZEdUZVM0T2h4bVBaOG9vcUs3VGpFOE1yY3I1NVpSTHJJODZnT1RD?oc=5
2025-07-08,7735,【七夕賞・先手必勝】遅れてきたスクリーンヒーロー産駒の大物コスモフリーゲンが主役に！柴田大知も手応え「この馬なら…」 - Yahoo!ニュース,"<a href=""https://news.google.com/rss/articles/CBMif0FVX3lxTE5aYkZVR3VDdU5LYVFCWTVLWXpmRXFmUURVLTQzSk5lTDJlakE0eHVZb1ZUeUpLdnc1dTRrUEpNZ29KcWgyc2JYNXdDcWpGTWxiUXBlaF9LQVJFbHo4SThIY29xeWZwRUJQd0dVMGFrZW1RYVIxZDBERzRfWnhsdUk?oc=5"" target=""_blank"">【七夕賞・先手必勝】遅れてきたスクリーンヒーロー産駒の大物コスモフリーゲンが主役に！柴田大知も手応え「この馬なら…」</a>&nbsp;&nbsp;<font color=""#6f6f6f"">Yahoo!ニュース</font>",https://news.google.com/rss/articles/CBMif0FVX3lxTE5aYkZVR3VDdU5LYVFCWTVLWXpmRXFmUURVLTQzSk5lTDJlakE0eHVZb1ZUeUpLdnc1dTRrUEpNZ29KcWgyc2JYNXdDcWpGTWxiUXBlaF9LQVJFbHo4SThIY29xeWZwRUJQd0dVMGFrZW1RYVIxZDBERzRfWnhsdUk?oc=5
2025-07-10,7735,インドネシアのマルチスクリーン環境における視聴者データの断片化を広告の利点に変える｜ニールセン - Nielsen,"<a href=""https://news.google.com/rss/articles/CBMikwFBVV95cUxNdFg5NUktcV9VMzRxYkpwWHVoVUZ5OXFya2dvOXg1NVlHNTNhVDAzbDliMTl0Y0U4elpsbXA2aWY1alpYazFMZTdUZlp2ckhuZ2lpdVA2bEtGNFFVOV80RTZYQ2Nsa3JfeFRQbzJnVzlKYnFIZVVvcTdKNzBacmNmb3FibXROSWV5b0lfdndfZHNWNEE?oc=5"" target=""_blank"">インドネシアのマルチスクリーン環境における視聴者データの断片化を広告の利点に変える｜ニールセン</a>&nbsp;&nbsp;<font color=""#6f6f6f"">Nielsen</font>",https://news.google.com/rss/articles/CBMikwFBVV95cUxNdFg5NUktcV9VMzRxYkpwWHVoVUZ5OXFya2dvOXg1NVlHNTNhVDAzbDliMTl0Y0U4elpsbXA2aWY1alpYazFMZTdUZlp2ckhuZ2lpdVA2bEtGNFFVOV80RTZYQ2Nsa3JfeFRQbzJnVzlKYnFIZVVvcTdKNzBacmNmb3FibXROSWV5b0lfdndfZHNWNEE?oc=5
2025-07-10,7735,セバスチャン・スタンが演じてきた“顔”たち (1/3) - スクリーンオンライン,"<a href=""https://news.google.com/rss/articles/CBMiTEFVX3lxTFBVcVl5blJiOVJRNWllTjBzV0g5X1ZZTG05c1BfRmhmdVdIMUtxT1BwSDE0LUFrbXFzZjZkUTRjVUlPT285QURCdm1xYV8?oc=5"" target=""_blank"">セバスチャン・スタンが演じてきた“顔”たち (1/3)</a>&nbsp;&nbsp;<font color=""#6f6f6f"">スクリーンオンライン</font>",https://news.google.com/rss/articles/CBMiTEFVX3lxTFBVcVl5blJiOVJRNWllTjBzV0g5X1ZZTG05c1BfRmhmdVdIMUtxT1BwSDE0LUFrbXFzZjZkUTRjVUlPT285QURCdm1xYV8?oc=5
2025-07-11,7735,スクリーンショット送信で報酬「タスクが完了すれば一括で報酬が支払われる」と言われ振込を要求…50歳代男性が150万円被害 - Yahoo!ニュース,"<a href=""https://news.google.com/rss/articles/CBMif0FVX3lxTE1qRGF3dDZBdkVRbjhYb3hCNXhpRk1scGNvRkY2UlJKdUc5WHNGaXhHUmIzUWxfWVRuRzQtdTYxNUVuanBDQm4yWGFrWWhQTUdPdTlXSG1HaEliODBqbXVUdHV6Tm1oeERvU2duOVlXM2JuSUxSdVYycjRmQTdXYUE?oc=5"" target=""_blank"">スクリーンショット送信で報酬「タスクが完了すれば一括で報酬が支払われる」と言われ振込を要求…50歳代男性が150万円被害</a>&nbsp;&nbsp;<font color=""#6f6f6f"">Yahoo!ニュース</font>",https://news.google.com/rss/articles/CBMif0FVX3lxTE1qRGF3dDZBdkVRbjhYb3hCNXhpRk1scGNvRkY2UlJKdUc5WHNGaXhHUmIzUWxfWVRuRzQtdTYxNUVuanBDQm4yWGFrWWhQTUdPdTlXSG1HaEliODBqbXVUdHV6Tm1oeERvU2duOVlXM2JuSUxSdVYycjRmQTdXYUE?oc=5
2025-07-01,7735,阪神 バース＆掛布＆岡田がバックスクリーン３連発セレモニー 元気な姿にスタンドから拍手 往年の打撃フォーム健在 - Yahoo!ニュース,"<a href=""https://news.google.com/rss/articles/CBMif0FVX3lxTFA2RUZoTHFHMmhDMVMyNkJTYVVvbW5pWHF3UFA5NFRLbXFkMnFGT0ptT3RtdXBZYXhTc085anoyZFd5T2NONFBub0N2YS1SbWVCRV9yalYtUXM0Tkx0RkZ2R0drb1JWZGpyWmlEUDdJTmZLS2FOc0lBRHYwSDBMUEU?oc=5"" target=""_blank"">阪神 バース＆掛布＆岡田がバックスクリーン３連発セレモニー 元気な姿にスタンドから拍手 往年の打撃フォーム健在</a>&nbsp;&nbsp;<font color=""#6f6f6f"">Yahoo!ニュース</font>",https://news.google.com/rss/articles/CBMif0FVX3lxTFA2RUZoTHFHMmhDMVMyNkJTYVVvbW5pWHF3UFA5NFRLbXFkMnFGT0ptT3RtdXBZYXhTc085anoyZFd5T2NONFBub0N2YS1SbWVCRV9yalYtUXM0Tkx0RkZ2R0drb1JWZGpyWmlEUDdJTmZLS2FOc0lBRHYwSDBMUEU?oc=5
2025-07-14,7735,福島芝2000mで好成績を挙げるスクリーンヒーロー産駒 コスモフリーゲンが重賞初制覇 | 競馬コラム - netkeiba - netkeiba,"<a href=""https://news.google.com/rss/articles/CBMidkFVX3lxTE9sMmZ2UTFuQWRXNm5vSUw0QmJ5NWhsU0JwempmZURoMlRwWmttb05Ha2FlbzNBQnRFV2xzUU15UVY2Z25qUGhYbW5HcXhLck1hTDNrcl93Nlpxd09Kd3JLMU16SWJRMXBhREw2MkYyMVlaWTVMZUHSAXtBVV95cUxNSGNBeDlJdkN3OVB4ZTA2b0J4X3Q4NUhDWHFhenFkVjVoZ1YtVFBaYVNsOE5tbi1FaG1wWkt2MEhxYXl5ODdRWXVzcHdYRllqYThtSmgyWUp4ZFMxTWJxN2tPRE9HdUg1N2JkYUMxU2d6TS1qeWo1a0FNc1k?oc=5"" target=""_blank"">福島芝2000mで好成績を挙げるスクリーンヒーロー産駒 コスモフリーゲンが重賞初制覇 | 競馬コラム - netkeiba</a>&nbsp;&nbsp;<font color=""#6f6f6f"">netkeiba</font>",https://news.google.com/rss/articles/CBMidkFVX3lxTE9sMmZ2UTFuQWRXNm5vSUw0QmJ5NWhsU0JwempmZURoMlRwWmttb05Ha2FlbzNBQnRFV2xzUU15UVY2Z25qUGhYbW5HcXhLck1hTDNrcl93Nlpxd09Kd3JLMU16SWJRMXBhREw2MkYyMVlaWTVMZUHSAXtBVV95cUxNSGNBeDlJdkN3OVB4ZTA2b0J4X3Q4NUhDWHFhenFkVjVoZ1YtVFBaYVNsOE5tbi1FaG1wWkt2MEhxYXl5ODdRWXVzcHdYRllqYThtSmgyWUp4ZFMxTWJxN2tPRE9HdUg1N2JkYUMxU2d6TS1qeWo1a0FNc1k?oc=5
2025-07-02,7735,ニュース - イベント - 7/1(火)「Tigers Legends Day第4弾 バックスクリーン3連発」を開催しました - 阪神タイガース 公式サイト,"<a href=""https://news.google.com/rss/articles/CBMiYEFVX3lxTE9COXlCTHlscFZaeUJYS1htX2x5TkplcGlkVmQ5M1pwd01kOU1fMHJqWnVCRFVJUWdWeTI3Q0ZVVVZPYjEzN3BFZUNvelJhMzhMSkVXcVNYTklKUkpkQkVYNA?oc=5"" target=""_blank"">ニュース - イベント - 7/1(火)「Tigers Legends Day第4弾 バックスクリーン3連発」を開催しました</a>&nbsp;&nbsp;<font color=""#6f6f6f"">阪神タイガース 公式サイト</font>",https://news.google.com/rss/articles/CBMiYEFVX3lxTE9COXlCTHlscFZaeUJYS1htX2x5TkplcGlkVmQ5M1pwd01kOU1fMHJqWnVCRFVJUWdWeTI3Q0ZVVVZPYjEzN3BFZUNvelJhMzhMSkVXcVNYTklKUkpkQkVYNA?oc=5
2025-07-16,7735,鬼滅の刃無限城編が2025年に日本で40%のスクリーンを占め他作品を圧迫 - Mix Vale,"<a href=""https://news.google.com/rss/articles/CBMi1AJBVV95cUxObW1qN3JjR2tuWEZhcHdLNEtEeFROUjdRUVg4VlBxd21KVUdBSTB1c1BTQWNRcDRiVmlfbU1NUWJxTnVWdnEycmRaVjRnYWF4SWpWTVhLTXdTNkhabE5tWlF1OTl2WTlUNDZLY0FxTTJtc1N4U3N5SmQwMEhrbTdfcWZhamltbU5pWmpFTkF2WEhXZjVLNkgxMmJiM1RWWVhQYm85RVpPTE1kZzlzVWhRSkpCRlNJZXl3SEIzek1XekgtN3hNRW9rNDItRzBTOV9pa0RRRnRtSGhJb0dheW8tYnJCT1NMM29pdHlILTJWbjEtM3JRaDlsTlE4dWJpbmpEVm5wdkVPMmFhSkdMUlVhampBLTY5UFdtVnc0Z2RlSFU5VW41UG9iODVFdEhrT1dRWGk1V3R1cmxDMXhTM0NFNzRxQTlvQ3FCQUJTWTlCN0FzUC0w0gHUAkFVX3lxTE5tbWo3cmNHa25YRmFwd0s0S0R4VE5SN1FRWDhWUHF3bUpVR0FJMHVzUFNBY1FwNGJWaV9tTU1RYnFOdVZ2cTJyZFpWNGdhYXhJalZNWEtNd1M2SFpsTm1aUXU5OXZZOVQ0NktjQXFNMm1zU3hTc3lKZDAwSGttN19xZmFqaW1tTmlaakVOQXZYSFdmNUs2SDEyYmIzVFZZWFBibzlFWk9MTWRnOXNVaFFKSkJGU0lleXdIQjN6TVd6SC03eE1Fb2s0Mi1HMFM5X2lrRFFGdG1IaElvR2F5by1ickJPU0wzb2l0eUgtMlZuMS0zclFoOWxOUTh1YmluakRWbnB2RU8yYWFKR0xSVWFqakEtNjlQV21WdzRnZGVIVTlVbjVQb2I4NUV0SGtPV1FYaTVXdHVybEMxeFMzQ0U3NHFBOW9DcUJBQlNZOUI3QXNQLTA?oc=5"" target=""_blank"">鬼滅の刃無限城編が2025年に日本で40%のスクリーンを占め他作品を圧迫</a>&nbsp;&nbsp;<font color=""#6f6f6f"">Mix Vale</font>",https://news.google.com/rss/articles/CBMi1AJBVV95cUxObW1qN3JjR2tuWEZhcHdLNEtEeFROUjdRUVg4VlBxd21KVUdBSTB1c1BTQWNRcDRiVmlfbU1NUWJxTnVWdnEycmRaVjRnYWF4SWpWTVhLTXdTNkhabE5tWlF1OTl2WTlUNDZLY0FxTTJtc1N4U3N5SmQwMEhrbTdfcWZhamltbU5pWmpFTkF2WEhXZjVLNkgxMmJiM1RWWVhQYm85RVpPTE1kZzlzVWhRSkpCRlNJZXl3SEIzek1XekgtN3hNRW9rNDItRzBTOV9pa0RRRnRtSGhJb0dheW8tYnJCT1NMM29pdHlILTJWbjEtM3JRaDlsTlE4dWJpbmpEVm5wdkVPMmFhSkdMUlVhampBLTY5UFdtVnc0Z2RlSFU5VW41UG9iODVFdEhrT1dRWGk1V3R1cmxDMXhTM0NFNzRxQTlvQ3FCQUJTWTlCN0FzUC0w0gHUAkFVX3lxTE5tbWo3cmNHa25YRmFwd0s0S0R4VE5SN1FRWDhWUHF3bUpVR0FJMHVzUFNBY1FwNGJWaV9tTU1RYnFOdVZ2cTJyZFpWNGdhYXhJalZNWEtNd1M2SFpsTm1aUXU5OXZZOVQ0NktjQXFNMm1zU3hTc3lKZDAwSGttN19xZmFqaW1tTmlaakVOQXZYSFdmNUs2SDEyYmIzVFZZWFBibzlFWk9MTWRnOXNVaFFKSkJGU0lleXdIQjN6TVd6SC03eE1Fb2s0Mi1HMFM5X2lrRFFGdG1IaElvR2F5by1ickJPU0wzb2l0eUgtMlZuMS0zclFoOWxOUTh1YmluakRWbnB2RU8yYWFKR0xSVWFqakEtNjlQV21WdzRnZGVIVTlVbjVQb2I4NUV0SGtPV1FYaTVXdHVybEMxeFMzQ0U3NHFBOW9DcUJBQlNZOUI3QXNQLTA?oc=5
2025-07-16,7735,【なぜ今EV？】ポルシェ新型「カイエン」がフル電動化。マカン似フォルムや異次元4枚スクリーンでターボは1900万円超え - carview!,"<a href=""https://news.google.com/rss/articles/CBMijAFBVV95cUxOSjM1MWF2cHdGS3JEb2lGRFpqdm1nb2QybWtWTHEtTzF4RUpmUjViaHZrel9RS3dDTGNqdjZwd25vSzh6SmpHcUdoSnhkNVdiUUhoLUdJeFRpaE5Nbno0cU80WFFjUXlWT2pMMzJsN1p6eHpjTzg2MHZ3SU85b0hqSlNXWjdFS1JaeUN4UA?oc=5"" target=""_blank"">【なぜ今EV？】ポルシェ新型「カイエン」がフル電動化。マカン似フォルムや異次元4枚スクリーンでターボは1900万円超え</a>&nbsp;&nbsp;<font color=""#6f6f6f"">carview!</font>",https://news.google.com/rss/articles/CBMijAFBVV95cUxOSjM1MWF2cHdGS3JEb2lGRFpqdm1nb2QybWtWTHEtTzF4RUpmUjViaHZrel9RS3dDTGNqdjZwd25vSzh6SmpHcUdoSnhkNVdiUUhoLUdJeFRpaE5Nbno0cU80WFFjUXlWT2pMMzJsN1p6eHpjTzg2MHZ3SU85b0hqSlNXWjdFS1JaeUN4UA?oc=5
2025-07-10,7735,SCREENライター陣や映画・海ドラ好きに聞く！ この1年のおすすめドラマは? (1/2) - スクリーンオンライン,"<a href=""https://news.google.com/rss/articles/CBMiTEFVX3lxTE9NYXhuQmtZVEV4UzduRlpYLUM3OGdoMEpjeExfb3ZXamdXazNoSDg5VGxHUmVNbHNZTFpNc0c5OFZIOGZfZURCWlhJano?oc=5"" target=""_blank"">SCREENライター陣や映画・海ドラ好きに聞く！ この1年のおすすめドラマは? (1/2)</a>&nbsp;&nbsp;<font color=""#6f6f6f"">スクリーンオンライン</font>",https://news.google.com/rss/articles/CBMiTEFVX3lxTE9NYXhuQmtZVEV4UzduRlpYLUM3OGdoMEpjeExfb3ZXamdXazNoSDg5VGxHUmVNbHNZTFpNc0c5OFZIOGZfZURCWlhJano?oc=5
2025-07-15,7735,19日の“信州ダービー” 松本市の松本駅前でも応援しよう 山雅運営会社がスクリーン設置へ - 信濃毎日新聞デジタル,"<a href=""https://news.google.com/rss/articles/CBMiZ0FVX3lxTE1JVkp5WEhtZU9tYTRobWxtRVRpb0lqUjFRbElQVWJqUHVlU3ctVHJSVjRaejR4MEkwVzdtMjVaTXF5UFNlaFNFamFpX1FQX2RSeFRYajFQWlFlVWpoUFFuS0tpRkNVclE?oc=5"" target=""_blank"">19日の“信州ダービー” 松本市の松本駅前でも応援しよう 山雅運営会社がスクリーン設置へ</a>&nbsp;&nbsp;<font color=""#6f6f6f"">信濃毎日新聞デジタル</font>",https://news.google.com/rss/articles/CBMiZ0FVX3lxTE1JVkp5WEhtZU9tYTRobWxtRVRpb0lqUjFRbElQVWJqUHVlU3ctVHJSVjRaejR4MEkwVzdtMjVaTXF5UFNlaFNFamFpX1FQX2RSeFRYajFQWlFlVWpoUFFuS0tpRkNVclE?oc=5
2025-06-28,7735,「スクリーンXオススメ！」 映画「F1（R） エフワン」 Duchampさんの映画レビュー（感想・評価） - 映画.com,"<a href=""https://news.google.com/rss/articles/CBMiWkFVX3lxTE1mVlpLMmlSeVFpZ0hSWlVMQzRCS3NWa0k2OUZ3enVUcVEzb3p1RGtNT210UjNjdUM0dllsRFhVc18tMk1ldy10aVNuZjl1R05CNUlSbk14cGYzZw?oc=5"" target=""_blank"">「スクリーンXオススメ！」 映画「F1（R） エフワン」 Duchampさんの映画レビュー（感想・評価）</a>&nbsp;&nbsp;<font color=""#6f6f6f"">映画.com</font>",https://news.google.com/rss/articles/CBMiWkFVX3lxTE1mVlpLMmlSeVFpZ0hSWlVMQzRCS3NWa0k2OUZ3enVUcVEzb3p1RGtNT210UjNjdUM0dllsRFhVc18tMk1ldy10aVNuZjl1R05CNUlSbk14cGYzZw?oc=5
2025-07-12,7735,公開した飯田への謝罪LINEのスクリーンショット。溝口勇児のXから（@mizoguchi_yuji） - スポニチ Sponichi Annex,"<a href=""https://news.google.com/rss/articles/CBMijAFBVV95cUxNa1lKWTdJSGJJbjJ1VjVRcVpncXBuSC15QjgwMWNxTWRLZElkYjQ4YXJhUktnOU9DUHhjZG15c2tuQVZVZml5WmpSZFVfMTJVZGtJT3VHdEpwSWdibV83cHpzdWlJcnB0allxcFFOdU9jc2RFaFM3VTFGYU5NQmJwaGZSbkJ1Zk54enFHdw?oc=5"" target=""_blank"">公開した飯田への謝罪LINEのスクリーンショット。溝口勇児のXから（@mizoguchi_yuji）</a>&nbsp;&nbsp;<font color=""#6f6f6f"">スポニチ Sponichi Annex</font>",https://news.google.com/rss/articles/CBMijAFBVV95cUxNa1lKWTdJSGJJbjJ1VjVRcVpncXBuSC15QjgwMWNxTWRLZElkYjQ4YXJhUktnOU9DUHhjZG15c2tuQVZVZml5WmpSZFVfMTJVZGtJT3VHdEpwSWdibV83cHpzdWlJcnB0allxcFFOdU9jc2RFaFM3VTFGYU5NQmJwaGZSbkJ1Zk54enFHdw?oc=5
2025-07-02,7735,株式会社SCREENホールディングス様 トップユニフォームパートナー契約締結のお知らせ - スポーツナビ,"<a href=""https://news.google.com/rss/articles/CBMic0FVX3lxTFBfRkRlVlVCeE8yQWNSeS1fYXRlVHFTNzhpN2p3VVNnTHc2bFVMNnVTSGxEc05leUpldWxkTG5pYUxoWjZ6eDZ2WWFlQTF4RXpLY0hBWDRwWVNNRW5xYnlrUVdwVmFuSjNCSE1NLTFhZVFSenM?oc=5"" target=""_blank"">株式会社SCREENホールディングス様 トップユニフォームパートナー契約締結のお知らせ</a>&nbsp;&nbsp;<font color=""#6f6f6f"">スポーツナビ</font>",https://news.google.com/rss/articles/CBMic0FVX3lxTFBfRkRlVlVCeE8yQWNSeS1fYXRlVHFTNzhpN2p3VVNnTHc2bFVMNnVTSGxEc05leUpldWxkTG5pYUxoWjZ6eDZ2WWFlQTF4RXpLY0hBWDRwWVNNRW5xYnlrUVdwVmFuSjNCSE1NLTFhZVFSenM?oc=5
2025-07-12,7735,「今の僕たちは、権力をもつ人々を信頼することができない」ジェームズ・ガン監督がスクリーンに蘇らせた“新生スーパーマン”が突きつけたもの - 文春オンライン,"<a href=""https://news.google.com/rss/articles/CBMiS0FVX3lxTE5CQ3BwZkpGMzN2WS11SW02WFBiS2NRa3ZEX0Q2aXFTSGRzZXFoSzNZVmlJQk10M0lubkI1cGJZcXBzVFJxQ2l4dnVUWQ?oc=5"" target=""_blank"">「今の僕たちは、権力をもつ人々を信頼することができない」ジェームズ・ガン監督がスクリーンに蘇らせた“新生スーパーマン”が突きつけたもの</a>&nbsp;&nbsp;<font color=""#6f6f6f"">文春オンライン</font>",https://news.google.com/rss/articles/CBMiS0FVX3lxTE5CQ3BwZkpGMzN2WS11SW02WFBiS2NRa3ZEX0Q2aXFTSGRzZXFoSzNZVmlJQk10M0lubkI1cGJZcXBzVFJxQ2l4dnVUWQ?oc=5
2025-07-01,7735,「韓国ミュージカル ON SCREEN」オフィシャルアンバサダー ソニンが登壇！トークイベント付き先行試写会【オフィシャルレポート】 - PR TIMES,"<a href=""https://news.google.com/rss/articles/CBMiakFVX3lxTE5uNkU2RFJlV2RtUVUxWF9tMFg4WHhmMGc0cnc0OC1KRXV4QVlHcUpZc3pmMzFzZmhhME13RHJsbzRvLXlDSVBLWFV4bEVQVm5jUkE2ZzZMYTFBdkpHTUlWR3N1WW82TmRWTGc?oc=5"" target=""_blank"">「韓国ミュージカル ON SCREEN」オフィシャルアンバサダー ソニンが登壇！トークイベント付き先行試写会【オフィシャルレポート】</a>&nbsp;&nbsp;<font color=""#6f6f6f"">PR TIMES</font>",https://news.google.com/rss/articles/CBMiakFVX3lxTE5uNkU2RFJlV2RtUVUxWF9tMFg4WHhmMGc0cnc0OC1KRXV4QVlHcUpZc3pmMzFzZmhhME13RHJsbzRvLXlDSVBLWFV4bEVQVm5jUkE2ZzZMYTFBdkpHTUlWR3N1WW82TmRWTGc?oc=5
2025-07-13,7735,若き日の上川隆也が滲ませる人妻への恋心...その名を知らしめた「大地の子」以後、演技の幅を広げたスクリーンデビュー作「東京夜曲」の煌めき - ｄメニューニュース,"<a href=""https://news.google.com/rss/articles/CBMinAFBVV95cUxQbTN0b0VDQVRzTVFHWnZrcnNXNm00OHFud2NCVE5QUGZLSndFSE9raVh4LXVEelBiVERkZXZRbjA5aldhMThOaHVqWHlnZUxOa2w2Wi1vTzFNMThBOXBQSkdoSXI1UGZXSDdTNjJjb3UwX3FLT1VXLVhaOHhaVExDY1ZaMEJwcmQ0aGp5Q2JadGJVVEtNSDVqdmdqaHnSAaIBQVVfeXFMUHFDbGhFT2VSRWxDZFhPUVZMT0JiMkk1dENLTXVOUm9yLWx5NFVWLWc1Q0RuWnRXd0tmWmV2VzdGTkFyWlhkSGFINWlqazRla1hNR2FHZk1wcTMyVXlUVWN1YU9MYm5wUVB4R2VVekdodC1WSmNqcGhocHlVY3NuX0xGWTJSbS1JUTZUankxSVdNamdYWWVDQUZuckx6d1Z6dVlR?oc=5"" target=""_blank"">若き日の上川隆也が滲ませる人妻への恋心...その名を知らしめた「大地の子」以後、演技の幅を広げたスクリーンデビュー作「東京夜曲」の煌めき</a>&nbsp;&nbsp;<font color=""#6f6f6f"">ｄメニューニュース</font>",https://news.google.com/rss/articles/CBMinAFBVV95cUxQbTN0b0VDQVRzTVFHWnZrcnNXNm00OHFud2NCVE5QUGZLSndFSE9raVh4LXVEelBiVERkZXZRbjA5aldhMThOaHVqWHlnZUxOa2w2Wi1vTzFNMThBOXBQSkdoSXI1UGZXSDdTNjJjb3UwX3FLT1VXLVhaOHhaVExDY1ZaMEJwcmQ0aGp5Q2JadGJVVEtNSDVqdmdqaHnSAaIBQVVfeXFMUHFDbGhFT2VSRWxDZFhPUVZMT0JiMkk1dENLTXVOUm9yLWx5NFVWLWc1Q0RuWnRXd0tmWmV2VzdGTkFyWlhkSGFINWlqazRla1hNR2FHZk1wcTMyVXlUVWN1YU9MYm5wUVB4R2VVekdodC1WSmNqcGhocHlVY3NuX0xGWTJSbS1JUTZUankxSVdNamdYWWVDQUZuckx6d1Z6dVlR?oc=5
2025-07-05,7735,さよならブルースクリーン。君を忘れることはないだろう - WIRED.jp,"<a href=""https://news.google.com/rss/articles/CBMihwFBVV95cUxOdUc1Ynh1SDJTUVpoSmNrUGJnYU90Ry12NFk1OW9yYXg5dkVYM0YzVjh5TERpZG1tcEJydUhxLWtYaWRNMVJnUzZtUWhEZGNlSHc0VGx2TlpSZDN0YkNJdXNfSnFRWWVnOC1fd2xhSTBGOFo5T1loMUpQaFJKMzczMEpaalEyVWM?oc=5"" target=""_blank"">さよならブルースクリーン。君を忘れることはないだろう</a>&nbsp;&nbsp;<font color=""#6f6f6f"">WIRED.jp</font>",https://news.google.com/rss/articles/CBMihwFBVV95cUxOdUc1Ynh1SDJTUVpoSmNrUGJnYU90Ry12NFk1OW9yYXg5dkVYM0YzVjh5TERpZG1tcEJydUhxLWtYaWRNMVJnUzZtUWhEZGNlSHc0VGx2TlpSZDN0YkNJdXNfSnFRWWVnOC1fd2xhSTBGOFo5T1loMUpQaFJKMzczMEpaalEyVWM?oc=5
2025-07-11,7735,【韓流】極上の歌声＆パフォーマンスにうっとり!珠玉5作品が映画館で楽しめる「韓国ミュージカル ON SCREEN」第1弾は熱い人気を誇る『エリザベート』公式アンバサダーのソニンも満喫（韓国TVドラマガイドONLINE） - Yahoo!ニュース,"<a href=""https://news.google.com/rss/articles/CBMif0FVX3lxTE52ckgzZlU2eWNGWk16dmtJdTVXQzlhN0o0bFVfemdSek5sNDltNFJTbGx1Y014TkRucUJZRHJGcllNQjZGaW0wRFlGenExVUhTZFdja0V6WHJqZGtyWFFfeGVEeDlhcDlSQ0xvdm8tRnl5Vlc2U1NoWnM4TDR5cUk?oc=5"" target=""_blank"">【韓流】極上の歌声＆パフォーマンスにうっとり!珠玉5作品が映画館で楽しめる「韓国ミュージカル ON SCREEN」第1弾は熱い人気を誇る『エリザベート』公式アンバサダーのソニンも満喫（韓国TVドラマガイドONLINE）</a>&nbsp;&nbsp;<font color=""#6f6f6f"">Yahoo!ニュース</font>",https://news.google.com/rss/articles/CBMif0FVX3lxTE52ckgzZlU2eWNGWk16dmtJdTVXQzlhN0o0bFVfemdSek5sNDltNFJTbGx1Y014TkRucUJZRHJGcllNQjZGaW0wRFlGenExVUhTZFdja0V6WHJqZGtyWFFfeGVEeDlhcDlSQ0xvdm8tRnl5Vlc2U1NoWnM4TDR5cUk?oc=5
2025-07-06,7735,「こういうスクリーンから温度が伝わるような映画は好き」夏の砂の上 コビトカバさんの映画レビュー（感想・評価） - 映画.com,"<a href=""https://news.google.com/rss/articles/CBMiWkFVX3lxTE02RUZ1U19qc2lzemQ2b3h4cWNXd09MdGJrU1FaWHhMLXBadWwxdGNhQkxqUGVuQzVnSVVIUE5PYlMxM3dPcTB1cEFvTWNJaDhzRnBsN1ZQUXdCZw?oc=5"" target=""_blank"">「こういうスクリーンから温度が伝わるような映画は好き」夏の砂の上 コビトカバさんの映画レビュー（感想・評価）</a>&nbsp;&nbsp;<font color=""#6f6f6f"">映画.com</font>",https://news.google.com/rss/articles/CBMiWkFVX3lxTE02RUZ1U19qc2lzemQ2b3h4cWNXd09MdGJrU1FaWHhMLXBadWwxdGNhQkxqUGVuQzVnSVVIUE5PYlMxM3dPcTB1cEFvTWNJaDhzRnBsN1ZQUXdCZw?oc=5
2025-07-12,7735,山あり谷ありの人生であっても、情熱をもって常に挑戦し続ける！ ブラッド・ピット、さらなる高みへ跳ぶーー (1/2) - スクリーンオンライン,"<a href=""https://news.google.com/rss/articles/CBMiTEFVX3lxTFAyTUtfU05XdTdNYVBjS2FuczZzWmNLaXVuVjl2cElwcjRuaW9zMVVuc2JEd0U3VVJ5M0FLc2ZaNkdTd2hvTGxVNDE4Q28?oc=5"" target=""_blank"">山あり谷ありの人生であっても、情熱をもって常に挑戦し続ける！ ブラッド・ピット、さらなる高みへ跳ぶーー (1/2)</a>&nbsp;&nbsp;<font color=""#6f6f6f"">スクリーンオンライン</font>",https://news.google.com/rss/articles/CBMiTEFVX3lxTFAyTUtfU05XdTdNYVBjS2FuczZzWmNLaXVuVjl2cElwcjRuaW9zMVVuc2JEd0U3VVJ5M0FLc2ZaNkdTd2hvTGxVNDE4Q28?oc=5
2025-07-08,7735,やっぱりスクリーンがいい。シアターハウスの高コスパモデル「BTP2220WSD」で脱・壁投写 (1/2) - PHILE WEB,"<a href=""https://news.google.com/rss/articles/CBMia0FVX3lxTE5JNGg1MXR3MEd1WUtqTjdUSTZaczZfRFFVUXRjQWtaanBQVUFNLTk0SXE1THJ1ek1GenlkeEd5ZzlVdkJFOEhPOHZ3ak9pallTQ0x1Y3NVakVSZ3NFS1RvVTBZMzdIcUpfRzdz?oc=5"" target=""_blank"">やっぱりスクリーンがいい。シアターハウスの高コスパモデル「BTP2220WSD」で脱・壁投写 (1/2)</a>&nbsp;&nbsp;<font color=""#6f6f6f"">PHILE WEB</font>",https://news.google.com/rss/articles/CBMia0FVX3lxTE5JNGg1MXR3MEd1WUtqTjdUSTZaczZfRFFVUXRjQWtaanBQVUFNLTk0SXE1THJ1ek1GenlkeEd5ZzlVdkJFOEhPOHZ3ak9pallTQ0x1Y3NVakVSZ3NFS1RvVTBZMzdIcUpfRzdz?oc=5
2025-07-07,7735,「スクリーンから終始夏の暑さが伝わって来る感じの作品だった。」夏の砂の上 イゲさんの映画レビュー（感想・評価） - 映画.com,"<a href=""https://news.google.com/rss/articles/CBMiWkFVX3lxTFAweFhDQ2wzUHBQLUNuYTB1NHFSZzI2SGg2dFVWMVpQOTBsdU91T09kaVQwc0NuRTEzY3cxNE80V0dRWUFiRG82NGEyREozMUFyUGlLeVEwTjlmQQ?oc=5"" target=""_blank"">「スクリーンから終始夏の暑さが伝わって来る感じの作品だった。」夏の砂の上 イゲさんの映画レビュー（感想・評価）</a>&nbsp;&nbsp;<font color=""#6f6f6f"">映画.com</font>",https://news.google.com/rss/articles/CBMiWkFVX3lxTFAweFhDQ2wzUHBQLUNuYTB1NHFSZzI2SGg2dFVWMVpQOTBsdU91T09kaVQwc0NuRTEzY3cxNE80V0dRWUFiRG82NGEyREozMUFyUGlLeVEwTjlmQQ?oc=5
2025-07-15,7735,伝説のロックバンドがスクリーンに蘇る！『ザ・フー キッズ・アー・オールライト』予告編解禁！ - MSN,"<a href=""https://news.google.com/rss/articles/CBMirARBVV95cUxNOGRiQnByM0dNODcyaEdrZjMzcEVoakF5M1lwU1A1VW9HbXBPWkFHVnRDSk9RVmZ4aEVxdndOUVlKU3N5TVF4U3Y0c2VucVZRdFVDSzBSdndBa1VQZGNtX1FLbzRKQ2N1VDlaRDFveFhDVy1UUlFuRXloYWRRN1dlaWxFdFZpbl9jN18tZFdpejB4ZnhiTkFZckRtRjh4YngyMnozYTBXOFZWVUdBcTlXbEs0Q3F5NEYtUldGZEJmNWJ3ZkJzRFQ5N3ZRdnBVeWphSlllUDRNUEVDNjNVdmVhUDZrUXFNN1o0N0pTQk1Bemlua05Bb1lGd2M3RV9ENG5veUdqTzFqcEdpSjhYRjZsaHd6REd6bTN4Tl9yWVZhZ2JkT2RrZmZWY20xWmZTcmdGdjZZUnA1U1JTekticEloZmt3dVFtbE1JRmY3Vno1VE9Cc3psUTBGaDRqOGNiTk5KYlEyZXJqazhMRXhzRWFHMXF2Wkd5ME5EdU9keUg1UU1iOTA0Vi1feWNza2dHTmUzUUszakxjRHFCdDEtZXhDTHFOakFvcUxUcWJ2R0p2NlFocDgyYmRERDFVZHR5dkFtbGtvWU40REtwUmNDWGtVRUFBZzZpM0JXQ21DUTdVeVh0amFEbEU5LXlYcmFOU1d2dWh5eXFhcm5UWjJoTktQaUdHNVluRFJ0YnFURUI5NzVoQVFlbThiem1ab1VMT3lpdkNkZnJ4X3p1S29H?oc=5"" target=""_blank"">伝説のロックバンドがスクリーンに蘇る！『ザ・フー キッズ・アー・オールライト』予告編解禁！</a>&nbsp;&nbsp;<font color=""#6f6f6f"">MSN</font>",https://news.google.com/rss/articles/CBMirARBVV95cUxNOGRiQnByM0dNODcyaEdrZjMzcEVoakF5M1lwU1A1VW9HbXBPWkFHVnRDSk9RVmZ4aEVxdndOUVlKU3N5TVF4U3Y0c2VucVZRdFVDSzBSdndBa1VQZGNtX1FLbzRKQ2N1VDlaRDFveFhDVy1UUlFuRXloYWRRN1dlaWxFdFZpbl9jN18tZFdpejB4ZnhiTkFZckRtRjh4YngyMnozYTBXOFZWVUdBcTlXbEs0Q3F5NEYtUldGZEJmNWJ3ZkJzRFQ5N3ZRdnBVeWphSlllUDRNUEVDNjNVdmVhUDZrUXFNN1o0N0pTQk1Bemlua05Bb1lGd2M3RV9ENG5veUdqTzFqcEdpSjhYRjZsaHd6REd6bTN4Tl9yWVZhZ2JkT2RrZmZWY20xWmZTcmdGdjZZUnA1U1JTekticEloZmt3dVFtbE1JRmY3Vno1VE9Cc3psUTBGaDRqOGNiTk5KYlEyZXJqazhMRXhzRWFHMXF2Wkd5ME5EdU9keUg1UU1iOTA0Vi1feWNza2dHTmUzUUszakxjRHFCdDEtZXhDTHFOakFvcUxUcWJ2R0p2NlFocDgyYmRERDFVZHR5dkFtbGtvWU40REtwUmNDWGtVRUFBZzZpM0JXQ21DUTdVeVh0amFEbEU5LXlYcmFOU1d2dWh5eXFhcm5UWjJoTktQaUdHNVluRFJ0YnFURUI5NzVoQVFlbThiem1ab1VMT3lpdkNkZnJ4X3p1S29H?oc=5
2025-07-10,7735,「韓国ミュージカル ON SCREEN」第1作目『エリザベート』各界著名人より絶賛コメントが到着！さらに第2作目『ファントム』の作品予告、チケット情報解禁！ | ライブ・ビューイング・ジャパンのプレスリリース - PR TIMES,"<a href=""https://news.google.com/rss/articles/CBMiakFVX3lxTE5BbTU0Yy1zM295VUxvUkRQUWtiTWNCWDFwRzdVWF9vZ2syQVA3bnJZM0JXdlpobkttalFhRjMyeUNrQU9VSV9BeGljVXptNmZMQm5OSThXVmY5elhfaHhQbWE1a3U4YU9KcFE?oc=5"" target=""_blank"">「韓国ミュージカル ON SCREEN」第1作目『エリザベート』各界著名人より絶賛コメントが到着！さらに第2作目『ファントム』の作品予告、チケット情報解禁！ | ライブ・ビューイング・ジャパンのプレスリリース</a>&nbsp;&nbsp;<font color=""#6f6f6f"">PR TIMES</font>",https://news.google.com/rss/articles/CBMiakFVX3lxTE5BbTU0Yy1zM295VUxvUkRQUWtiTWNCWDFwRzdVWF9vZ2syQVA3bnJZM0JXdlpobkttalFhRjMyeUNrQU9VSV9BeGljVXptNmZMQm5OSThXVmY5elhfaHhQbWE1a3U4YU9KcFE?oc=5
2025-07-11,7735,【動画】PCA、バックスクリーン弾で「25－25」 史上４位のスピード達成 - nikkansports.com,"<a href=""https://news.google.com/rss/articles/CBMidkFVX3lxTFAtV2NhT0xwTmF2cjF0Vk9Va0FjS3M5a1JUSEpuR3RwTUN6RWtMQVliWmxJOENYdXZFWFVUWHZtak5mUDY0bjR3OVFnUlBVZU9tUDBhUDZLNzV0ZjVpT2lVVERVNFJ3ZlN4TWZCVll0NXhVT0dTOVE?oc=5"" target=""_blank"">【動画】PCA、バックスクリーン弾で「25－25」 史上４位のスピード達成</a>&nbsp;&nbsp;<font color=""#6f6f6f"">nikkansports.com</font>",https://news.google.com/rss/articles/CBMidkFVX3lxTFAtV2NhT0xwTmF2cjF0Vk9Va0FjS3M5a1JUSEpuR3RwTUN6RWtMQVliWmxJOENYdXZFWFVUWHZtak5mUDY0bjR3OVFnUlBVZU9tUDBhUDZLNzV0ZjVpT2lVVERVNFJ3ZlN4TWZCVll0NXhVT0dTOVE?oc=5
2025-07-04,7735,SCREEN株価、年初来高値 モルガンMUFGが目標1万4500円に上げ - 日本経済新聞,"<a href=""https://news.google.com/rss/articles/CBMibEFVX3lxTE1hd2VSa0hVTU9XNTRZYWxtaWREaWFoM3JNdUFybVBPb19WTUZGdGc1SVpSUlRmQi14N0J3QXJRSlN1TFhkMTlfMk9Nb1BycHR5cmFoeTBHZFN6eFNhVG1vcXI2bUtEUG11VXNhMA?oc=5"" target=""_blank"">SCREEN株価、年初来高値 モルガンMUFGが目標1万4500円に上げ</a>&nbsp;&nbsp;<font color=""#6f6f6f"">日本経済新聞</font>",https://news.google.com/rss/articles/CBMibEFVX3lxTE1hd2VSa0hVTU9XNTRZYWxtaWREaWFoM3JNdUFybVBPb19WTUZGdGc1SVpSUlRmQi14N0J3QXJRSlN1TFhkMTlfMk9Nb1BycHR5cmFoeTBHZFN6eFNhVG1vcXI2bUtEUG11VXNhMA?oc=5
2025-07-07,7735,スマホやパソコンのスクリーンを見続ける子供は脳が小さい!? 読解力や注意力に遅れ 英大学教授が語る - Yahoo!ニュース,"<a href=""https://news.google.com/rss/articles/CBMif0FVX3lxTFBLeWV3RkxZbFJkaDVCV1o0X3dvXzJSVDRPQzNpSG10a29iTGFPa0JBTWVlZGdXdVh5Vlh2aE5POXVsWVlnTS0yZERnWV9JYjE3UkctbVE1bFZudTdOdXJLN1lIdU5RVEhBTnoxRzNKRmVmdXZQUWcwdEFfd1dla00?oc=5"" target=""_blank"">スマホやパソコンのスクリーンを見続ける子供は脳が小さい!? 読解力や注意力に遅れ 英大学教授が語る</a>&nbsp;&nbsp;<font color=""#6f6f6f"">Yahoo!ニュース</font>",https://news.google.com/rss/articles/CBMif0FVX3lxTFBLeWV3RkxZbFJkaDVCV1o0X3dvXzJSVDRPQzNpSG10a29iTGFPa0JBTWVlZGdXdVh5Vlh2aE5POXVsWVlnTS0yZERnWV9JYjE3UkctbVE1bFZudTdOdXJLN1lIdU5RVEhBTnoxRzNKRmVmdXZQUWcwdEFfd1dla00?oc=5
2025-07-15,7735,「動画のスクリーンショット送信で報酬」詐欺 - au Webポータル,"<a href=""https://news.google.com/rss/articles/CBMie0FVX3lxTE5yRkppM0o1N1ZXM3l4dVBMUDRWMkhlc2xkSUcyYm9faEpZQUM1YzZHRzFTZ0hkRWZxUHRKenZoWjhhakVQZDBEVjFKOHk5TUNLajNNSWNmT1FKNG05TFNpTlo4Y25LYkFFekNhMjFOcWlWZEdWWUZKY1h0TQ?oc=5"" target=""_blank"">「動画のスクリーンショット送信で報酬」詐欺</a>&nbsp;&nbsp;<font color=""#6f6f6f"">au Webポータル</font>",https://news.google.com/rss/articles/CBMie0FVX3lxTE5yRkppM0o1N1ZXM3l4dVBMUDRWMkhlc2xkSUcyYm9faEpZQUM1YzZHRzFTZ0hkRWZxUHRKenZoWjhhakVQZDBEVjFKOHk5TUNLajNNSWNmT1FKNG05TFNpTlo4Y25LYkFFekNhMjFOcWlWZEdWWUZKY1h0TQ?oc=5
2025-07-08,7735,「ブルースクリーンの位牌」が現実に 現代アート作家の「預言」的作品が話題（LIMO） - Yahoo!ニュース,"<a href=""https://news.google.com/rss/articles/CBMif0FVX3lxTE5IYW1xdXoyWkRnRHh0cm1PZ3NaaVZlTng0NXpLSXlYMmlHQnZNeF9YMUZsY3lMZUtYTnU5SkRueFNDb1VLY2oxQ1hsN2NHUU5CWTJ4UVg1emdQRjgtYy1FNGxyV0hFa1BJUllVYTNGSXNDUWl5T3N6TFZyRjluU3c?oc=5"" target=""_blank"">「ブルースクリーンの位牌」が現実に 現代アート作家の「預言」的作品が話題（LIMO）</a>&nbsp;&nbsp;<font color=""#6f6f6f"">Yahoo!ニュース</font>",https://news.google.com/rss/articles/CBMif0FVX3lxTE5IYW1xdXoyWkRnRHh0cm1PZ3NaaVZlTng0NXpLSXlYMmlHQnZNeF9YMUZsY3lMZUtYTnU5SkRueFNDb1VLY2oxQ1hsN2NHUU5CWTJ4UVg1emdQRjgtYy1FNGxyV0hFa1BJUllVYTNGSXNDUWl5T3N6TFZyRjluU3c?oc=5
2025-06-30,7735,阪神 バックスクリーン３連発クッションを９０人に レジェンズコラボグルメ全２０種が対象に（デイリースポーツ） - Yahoo!ニュース,"<a href=""https://news.google.com/rss/articles/CBMif0FVX3lxTE5JczduUk9tdDc5ejJYYUEwM09GTUUwSVluY1VxcHdiR09yaDZyM2x1T1J4NzFrUV90WUprVnVUV3BncFdSY21HRFp0ZVQ3R3pMencxQTBmaFZoZm1tenI0dnhHQ1BWMWJmcXpDVjgtV21RUkRodWR5d3JNeThsN28?oc=5"" target=""_blank"">阪神 バックスクリーン３連発クッションを９０人に レジェンズコラボグルメ全２０種が対象に（デイリースポーツ）</a>&nbsp;&nbsp;<font color=""#6f6f6f"">Yahoo!ニュース</font>",https://news.google.com/rss/articles/CBMif0FVX3lxTE5JczduUk9tdDc5ejJYYUEwM09GTUUwSVluY1VxcHdiR09yaDZyM2x1T1J4NzFrUV90WUprVnVUV3BncFdSY21HRFp0ZVQ3R3pMencxQTBmaFZoZm1tenI0dnhHQ1BWMWJmcXpDVjgtV21RUkRodWR5d3JNeThsN28?oc=5
2025-07-17,8035,東京エレクトロンの株価下落 蘭ASML株急落、米関税の影響警戒 - 日本経済新聞,"<a href=""https://news.google.com/rss/articles/CBMibEFVX3lxTE1HbU1qeXQ4WG5zNmdoMUNTX1Z0N09ITTZySzgwNlRfaTRjQXZqX2RlczB1OGt4RXlYbERyUUhvN25DcFM2VHptSW9OLVhycHdCN281WEdadW9Udnd5U1lwVEpDNUVHRTBXMk9XRQ?oc=5"" target=""_blank"">東京エレクトロンの株価下落 蘭ASML株急落、米関税の影響警戒</a>&nbsp;&nbsp;<font color=""#6f6f6f"">日本経済新聞</font>",https://news.google.com/rss/articles/CBMibEFVX3lxTE1HbU1qeXQ4WG5zNmdoMUNTX1Z0N09ITTZySzgwNlRfaTRjQXZqX2RlczB1OGt4RXlYbERyUUhvN25DcFM2VHptSW9OLVhycHdCN281WEdadW9Udnd5U1lwVEpDNUVHRTBXMk9XRQ?oc=5
2025-07-17,8035,東京エレクトロン－東海東京が目標株価引き上げ 中国向けが下げ止まりへ〔DZH 個別株情報〕(時事通信) - Yahoo!ファイナンス,"<a href=""https://news.google.com/rss/articles/CBMihwFBVV95cUxQZkFpSGtGaFQ4QnJOUVNLdllWbFFzZTZWRHAycEl2S1JSSkFBMTY1Y3hoMFZMdU92eFBfRERNX2FhdGpDS1NEZ1ZCdWlNdVVGeW1QcUQ5V0VVcFQ0aVZJbWtiWFJBcTJBLURJOUtCelQ2TWdvUkVxTFluXzNReTJiSUZ0OHh1aGs?oc=5"" target=""_blank"">東京エレクトロン－東海東京が目標株価引き上げ 中国向けが下げ止まりへ〔DZH 個別株情報〕(時事通信)</a>&nbsp;&nbsp;<font color=""#6f6f6f"">Yahoo!ファイナンス</font>",https://news.google.com/rss/articles/CBMihwFBVV95cUxQZkFpSGtGaFQ4QnJOUVNLdllWbFFzZTZWRHAycEl2S1JSSkFBMTY1Y3hoMFZMdU92eFBfRERNX2FhdGpDS1NEZ1ZCdWlNdVVGeW1QcUQ5V0VVcFQ0aVZJbWtiWFJBcTJBLURJOUtCelQ2TWdvUkVxTFluXzNReTJiSUZ0OHh1aGs?oc=5
2025-07-16,8035,応対品質管理ソリューションの「Dr.Tel」とクラウド型コールセンターシステム「BIZTEL」が協業を開始 - PR TIMES,"<a href=""https://news.google.com/rss/articles/CBMiakFVX3lxTE9NU3dka1JDQlFjeTJYOFRvbEMzcGZHcWlib3M0b2xvWTg0bklya1AxNC1aTjgweWtWcG9zZ1JJQzhpUmk3blFrR1ptQTZtUkEwRnZxdEZWSk5xWU40dHFkdnlWZ2VGZ05zOWc?oc=5"" target=""_blank"">応対品質管理ソリューションの「Dr.Tel」とクラウド型コールセンターシステム「BIZTEL」が協業を開始</a>&nbsp;&nbsp;<font color=""#6f6f6f"">PR TIMES</font>",https://news.google.com/rss/articles/CBMiakFVX3lxTE9NU3dka1JDQlFjeTJYOFRvbEMzcGZHcWlib3M0b2xvWTg0bklya1AxNC1aTjgweWtWcG9zZ1JJQzhpUmk3blFrR1ptQTZtUkEwRnZxdEZWSk5xWU40dHFkdnlWZ2VGZ05zOWc?oc=5
2025-07-16,8035,【アナリスト予想】東京エレクトロン、26年3月期経常予想。対前週0.2%上昇。(アイフィス株予報) - Yahoo!ファイナンス,"<a href=""https://news.google.com/rss/articles/CBMihwFBVV95cUxOaDQzeXN2R0cxekNWOThVWGlrZXcwYkdYYlVKUFRMM0lrdm42ZEtKWnZldlZGQ3NCM0dXQUFnSUxTZVNQU2xkNVg5Rkx1U1FLS2ZSVVhRbHYxWEtUWEJoTEFqWUJpUnV3bGw0dnZwbUJ6WVRGMUN6VnhOcTZqNGtGOEJ3N19zeGs?oc=5"" target=""_blank"">【アナリスト予想】東京エレクトロン、26年3月期経常予想。対前週0.2%上昇。(アイフィス株予報)</a>&nbsp;&nbsp;<font color=""#6f6f6f"">Yahoo!ファイナンス</font>",https://news.google.com/rss/articles/CBMihwFBVV95cUxOaDQzeXN2R0cxekNWOThVWGlrZXcwYkdYYlVKUFRMM0lrdm42ZEtKWnZldlZGQ3NCM0dXQUFnSUxTZVNQU2xkNVg5Rkx1U1FLS2ZSVVhRbHYxWEtUWEJoTEFqWUJpUnV3bGw0dnZwbUJ6WVRGMUN6VnhOcTZqNGtGOEJ3N19zeGs?oc=5
2025-06-26,8035,「第14回日本 HR チャレンジ大賞」を受賞 | ニュースルーム - tel.co.jp,"<a href=""https://news.google.com/rss/articles/CBMiZ0FVX3lxTE1zeVFHRFh1YjFCSVlmZ1pwd2FZOXl5QzFlLWZFcW9pYklpbG5heE1aTFBGdHdJQjVQY0JwSTB1bFZzNGV5S2xLT0J2cGYwcXlBNWRjbUlUYXFSdV9rUFlIVmJDcjNIcnM?oc=5"" target=""_blank"">「第14回日本 HR チャレンジ大賞」を受賞 | ニュースルーム</a>&nbsp;&nbsp;<font color=""#6f6f6f"">tel.co.jp</font>",https://news.google.com/rss/articles/CBMiZ0FVX3lxTE1zeVFHRFh1YjFCSVlmZ1pwd2FZOXl5QzFlLWZFcW9pYklpbG5heE1aTFBGdHdJQjVQY0JwSTB1bFZzNGV5S2xLT0J2cGYwcXlBNWRjbUlUYXFSdV9rUFlIVmJDcjNIcnM?oc=5
2025-06-27,8035,東京エレクトロンの株価5%高 米ハイテク株高が波及 - 日本経済新聞,"<a href=""https://news.google.com/rss/articles/CBMibEFVX3lxTFBROGFzMmlnTDBKM0Q5WHpyT0R2bHJ6YlFickVMb2M3MXBhZ1ZTcFJody15bzZRZWxpUm4zN2JCQzZjUGJOekhTMFFmaDg1cDRrdU8xX292cUZhQmtRS0FKeTk0bkNZMUUzLUN0VA?oc=5"" target=""_blank"">東京エレクトロンの株価5%高 米ハイテク株高が波及</a>&nbsp;&nbsp;<font color=""#6f6f6f"">日本経済新聞</font>",https://news.google.com/rss/articles/CBMibEFVX3lxTFBROGFzMmlnTDBKM0Q5WHpyT0R2bHJ6YlFickVMb2M3MXBhZ1ZTcFJody15bzZRZWxpUm4zN2JCQzZjUGJOekhTMFFmaDg1cDRrdU8xX292cUZhQmtRS0FKeTk0bkNZMUUzLUN0VA?oc=5
2025-07-16,8035,"【アナリスト評価】東京エレクトロン、レーティング強気を継続、目標株価35,300円に引上げ（日系中堅証券）(アイフィス株予報) - Yahoo!ファイナンス","<a href=""https://news.google.com/rss/articles/CBMihwFBVV95cUxObEgwcGdnWVI2dXR0aVN6NzhqOTdfWnlERnBIaWtHU1g0QVZzNzBibUNLMFVsX2ZNZDBkLWFUY0pudnh4VHVhZzZqUGIyZTdxZVVHYWFMbXdyZkxFclA2Und4WFl5aVpNRXFhMFQtN1UxX3hJZFFxR3J1SVNxUTBfWUhOY1RPeEU?oc=5"" target=""_blank"">【アナリスト評価】東京エレクトロン、レーティング強気を継続、目標株価35,300円に引上げ（日系中堅証券）(アイフィス株予報)</a>&nbsp;&nbsp;<font color=""#6f6f6f"">Yahoo!ファイナンス</font>",https://news.google.com/rss/articles/CBMihwFBVV95cUxObEgwcGdnWVI2dXR0aVN6NzhqOTdfWnlERnBIaWtHU1g0QVZzNzBibUNLMFVsX2ZNZDBkLWFUY0pudnh4VHVhZzZqUGIyZTdxZVVHYWFMbXdyZkxFclA2Und4WFl5aVpNRXFhMFQtN1UxX3hJZFFxR3J1SVNxUTBfWUhOY1RPeEU?oc=5
2025-06-27,8035,東京エレクトロンが一時5%高 半導体関連株に買い（27日の株式市場） - 日本経済新聞,"<a href=""https://news.google.com/rss/articles/CBMibEFVX3lxTFBBUUJfX2ttMktaU1JpZEpxcWdhQzB4ck9uS0hCR0p1Q2t4WWx5QkpvQmtidnpHX0pHWWNnbHpzWVhDd0JFVlJpY2RWY0lVYVFLNy01UFJoZWsweWJyTXJiYWlEV3UxYnhueVRDSw?oc=5"" target=""_blank"">東京エレクトロンが一時5%高 半導体関連株に買い（27日の株式市場）</a>&nbsp;&nbsp;<font color=""#6f6f6f"">日本経済新聞</font>",https://news.google.com/rss/articles/CBMibEFVX3lxTFBBUUJfX2ttMktaU1JpZEpxcWdhQzB4ck9uS0hCR0p1Q2t4WWx5QkpvQmtidnpHX0pHWWNnbHpzWVhDd0JFVlJpY2RWY0lVYVFLNy01UFJoZWsweWJyTXJiYWlEV3UxYnhueVRDSw?oc=5
2025-07-15,8035,東京エレクトロン－反発 エヌビディアが中国へのGPU「H20」販売再開を発表(トレーダーズ・ウェブ) - Yahoo!ファイナンス,"<a href=""https://news.google.com/rss/articles/CBMihwFBVV95cUxQS2pZYnFVX1hZZ05xS3NON3dBWlhFZGlUUXV4R1B4RTgzSUdZSzByMmlHSG81cXc1SFFkSGt5N3JRc2wySVAxaW9TZ0lQSlJYNzVuTDZQdDVRWEhqNGNEcDVKVXBTN0FYZUJsNkRQdDRxVUd3U0luZ2I0ZnpheFQ3a2tQUDZ1cVU?oc=5"" target=""_blank"">東京エレクトロン－反発 エヌビディアが中国へのGPU「H20」販売再開を発表(トレーダーズ・ウェブ)</a>&nbsp;&nbsp;<font color=""#6f6f6f"">Yahoo!ファイナンス</font>",https://news.google.com/rss/articles/CBMihwFBVV95cUxQS2pZYnFVX1hZZ05xS3NON3dBWlhFZGlUUXV4R1B4RTgzSUdZSzByMmlHSG81cXc1SFFkSGt5N3JRc2wySVAxaW9TZ0lQSlJYNzVuTDZQdDVRWEhqNGNEcDVKVXBTN0FYZUJsNkRQdDRxVUd3U0luZ2I0ZnpheFQ3a2tQUDZ1cVU?oc=5
2025-06-27,8035,決算:東京エレクトロン役員「粗利率、最高続く」 関税影響は限定的 - 日本経済新聞,"<a href=""https://news.google.com/rss/articles/CBMibEFVX3lxTFA0VDh6eW13dXN6YXZaSG1DRlpsV2JUS2tzUVItMXZqTE02bmQ4NDRwalpPc0lEckV4ZDVnNHRPbUViczFnTlZSNkNKTVFSbl96Y0FqMkltWUJQZFRHRnlTdkxDVWVVTGJjc1VCWg?oc=5"" target=""_blank"">決算:東京エレクトロン役員「粗利率、最高続く」 関税影響は限定的</a>&nbsp;&nbsp;<font color=""#6f6f6f"">日本経済新聞</font>",https://news.google.com/rss/articles/CBMibEFVX3lxTFA0VDh6eW13dXN6YXZaSG1DRlpsV2JUS2tzUVItMXZqTE02bmQ4NDRwalpPc0lEckV4ZDVnNHRPbUViczFnTlZSNkNKTVFSbl96Y0FqMkltWUJQZFRHRnlTdkxDVWVVTGJjc1VCWg?oc=5
2025-06-23,8035,Tokyo Electron U.S.がテキサス州 オースティンの中心部に本社を移転 - tel.co.jp,"<a href=""https://news.google.com/rss/articles/CBMiXEFVX3lxTFB2WTdFaHRkWkdFNDJpQzFTZ05wak1Vb0x2VHVyYUw4Zk55b1UtQ2lvTG5zSWZPZTRTS0dIS19EazVOenhOZHp0OVV3LTNsQU1PSzJPcFRyWV9Cdkgw?oc=5"" target=""_blank"">Tokyo Electron U.S.がテキサス州 オースティンの中心部に本社を移転</a>&nbsp;&nbsp;<font color=""#6f6f6f"">tel.co.jp</font>",https://news.google.com/rss/articles/CBMiXEFVX3lxTFB2WTdFaHRkWkdFNDJpQzFTZ05wak1Vb0x2VHVyYUw4Zk55b1UtQ2lvTG5zSWZPZTRTS0dIS19EazVOenhOZHp0OVV3LTNsQU1PSzJPcFRyWV9Cdkgw?oc=5
2025-07-15,8035,東京エレクトロン株価上昇 NVIDIA、対中「H20」輸出再開へ - 日本経済新聞,"<a href=""https://news.google.com/rss/articles/CBMibEFVX3lxTFBzUFhHZExWa0NjRU5VQm1aZTcxRVdMZWZ1RkFXOEhiN0RuNV9XSkRSYll2Y09NbS03SUVINERPNVItdHpRUTBvQ19KUVdXQnlQVklySkY5TzM3R0FDbmxldTZWOHlMOUhTRllrVQ?oc=5"" target=""_blank"">東京エレクトロン株価上昇 NVIDIA、対中「H20」輸出再開へ</a>&nbsp;&nbsp;<font color=""#6f6f6f"">日本経済新聞</font>",https://news.google.com/rss/articles/CBMibEFVX3lxTFBzUFhHZExWa0NjRU5VQm1aZTcxRVdMZWZ1RkFXOEhiN0RuNV9XSkRSYll2Y09NbS03SUVINERPNVItdHpRUTBvQ19KUVdXQnlQVklySkY5TzM3R0FDbmxldTZWOHlMOUhTRllrVQ?oc=5
2025-07-01,8035,東京エレクトロン 韮崎アリーナ（韮崎中央体育館）に専用ホームページが開設されています！ - city.nirasaki.lg.jp,"<a href=""https://news.google.com/rss/articles/CBMiqAFBVV95cUxOckxEQnhqLTNjYzd3dlhpUWRlbkZsMC1jc3JkTGRvd2VXQmlHVUF3bHZTOEptbUZ5SEtGRmE4WkF4ZWRMWmhFV3gxc1hCblc0YUI0ME1hR0xPcTN1eWY4N0JObVZoSVBFSEpXNm9lT0U3QjJZV1pZVzY0TV9GdHJUcGNQUHo0Ql9tVDgyVEw5NkhrQUtoR1dJRXpkenR2bU1UelBzT0hNSUU?oc=5"" target=""_blank"">東京エレクトロン 韮崎アリーナ（韮崎中央体育館）に専用ホームページが開設されています！</a>&nbsp;&nbsp;<font color=""#6f6f6f"">city.nirasaki.lg.jp</font>",https://news.google.com/rss/articles/CBMiqAFBVV95cUxOckxEQnhqLTNjYzd3dlhpUWRlbkZsMC1jc3JkTGRvd2VXQmlHVUF3bHZTOEptbUZ5SEtGRmE4WkF4ZWRMWmhFV3gxc1hCblc0YUI0ME1hR0xPcTN1eWY4N0JObVZoSVBFSEpXNm9lT0U3QjJZV1pZVzY0TV9GdHJUcGNQUHo0Ql9tVDgyVEw5NkhrQUtoR1dJRXpkenR2bU1UelBzT0hNSUU?oc=5
2025-06-20,8035,TELとimecが「戦略的パートナーシップ」を5年延長：2nm世代以降の半導体開発目指し - EE Times Japan,"<a href=""https://news.google.com/rss/articles/CBMib0FVX3lxTE9IVmdZTDFnUlQwTjZYdWpXdTM1SFFNdEMzNWlzUjdkZnNaQ2EwaG84VXJkS3U0dWhHb2sxdE11MkFkczVvWGx1Si1SOENBNE1BU1lLblFHMnQtZ2k3MmxiX09OQUxSaDJ0YUg0SVBhQQ?oc=5"" target=""_blank"">TELとimecが「戦略的パートナーシップ」を5年延長：2nm世代以降の半導体開発目指し</a>&nbsp;&nbsp;<font color=""#6f6f6f"">EE Times Japan</font>",https://news.google.com/rss/articles/CBMib0FVX3lxTE9IVmdZTDFnUlQwTjZYdWpXdTM1SFFNdEMzNWlzUjdkZnNaQ2EwaG84VXJkS3U0dWhHb2sxdE11MkFkczVvWGx1Si1SOENBNE1BU1lLblFHMnQtZ2k3MmxiX09OQUxSaDJ0YUg0SVBhQQ?oc=5
2025-07-16,8035,クラウド型コールセンターシステム「 BIZTEL 」とコールセンターの品質管理自動化ソリューション「 Dr.Tel 」が協業を開始 - ニコニコニュース,"<a href=""https://news.google.com/rss/articles/CBMie0FVX3lxTE8wQWRXMzZ1NGg1WUVyZU82S2dsUnRyNGZxUXNlc1hLd2hURGM5MVFxWjN0RURubDNTSllnOFpaNVZ3VDg5S0pJczJYX3VaZ1lNU2xzaVhoODBTczV1VklCRDI5cGZOTjhzajd6d1VuWk9CQ0JSQ284T0RuYw?oc=5"" target=""_blank"">クラウド型コールセンターシステム「 BIZTEL 」とコールセンターの品質管理自動化ソリューション「 Dr.Tel 」が協業を開始</a>&nbsp;&nbsp;<font color=""#6f6f6f"">ニコニコニュース</font>",https://news.google.com/rss/articles/CBMie0FVX3lxTE8wQWRXMzZ1NGg1WUVyZU82S2dsUnRyNGZxUXNlc1hLd2hURGM5MVFxWjN0RURubDNTSllnOFpaNVZ3VDg5S0pJczJYX3VaZ1lNU2xzaVhoODBTczV1VklCRDI5cGZOTjhzajd6d1VuWk9CQ0JSQ284T0RuYw?oc=5
2025-06-26,8035,【アナリスト予想】東京エレクトロン、26年3月期経常予想。対前週1.5%上昇。(アイフィス株予報) - Yahoo!ファイナンス,"<a href=""https://news.google.com/rss/articles/CBMihwFBVV95cUxQUXNaQWxXQUdONm9kMjFIT1dwYzdEN3dkT2pjMkVLMVlwTmVTdHBRRGJWdXhYVE5RQlllWDF2OTF2RUVodU5iYXFaSFNOWGcwcTc1blNCbjZDRVdGTEEwZHpuUVktSkRSOWctNDZvQXFkVHJzcVd5LWlGcm9KWG50YkZHNjE0Rk0?oc=5"" target=""_blank"">【アナリスト予想】東京エレクトロン、26年3月期経常予想。対前週1.5%上昇。(アイフィス株予報)</a>&nbsp;&nbsp;<font color=""#6f6f6f"">Yahoo!ファイナンス</font>",https://news.google.com/rss/articles/CBMihwFBVV95cUxQUXNaQWxXQUdONm9kMjFIT1dwYzdEN3dkT2pjMkVLMVlwTmVTdHBRRGJWdXhYVE5RQlllWDF2OTF2RUVodU5iYXFaSFNOWGcwcTc1blNCbjZDRVdGTEEwZHpuUVktSkRSOWctNDZvQXFkVHJzcVd5LWlGcm9KWG50YkZHNjE0Rk0?oc=5
2025-07-10,8035,日経平均株価終値174円安 すれ違うNVIDIAと東京エレクトロン - 日本経済新聞,"<a href=""https://news.google.com/rss/articles/CBMibEFVX3lxTE5DVTM2MFE5cjZuTVlLemgxLVN5RDJSbFIxVGc3LVdJcG5NQlVaS0Q3VGRvOUxlZF9UajlEOHpoOVUwbU5XVTZfWDdHQlk0czA0X2dQVnRXNE9pTFlwbUVHajRXMm5QRUNpYlM0Vw?oc=5"" target=""_blank"">日経平均株価終値174円安 すれ違うNVIDIAと東京エレクトロン</a>&nbsp;&nbsp;<font color=""#6f6f6f"">日本経済新聞</font>",https://news.google.com/rss/articles/CBMibEFVX3lxTE5DVTM2MFE5cjZuTVlLemgxLVN5RDJSbFIxVGc3LVdJcG5NQlVaS0Q3VGRvOUxlZF9UajlEOHpoOVUwbU5XVTZfWDdHQlk0czA0X2dQVnRXNE9pTFlwbUVHajRXMm5QRUNpYlM0Vw?oc=5
2025-07-02,8035,次世代エネルギーの革新！高性能バッテリー 「ナトリウムイオン電池」 が切り拓く新時代 - tel.co.jp,"<a href=""https://news.google.com/rss/articles/CBMiZkFVX3lxTFB5QW82LU1rWjZ5TklteFhMM3BrN0UxNXc0SEs1SFdMMGRVMlR6ejBCbDJmNndXZnl1SXhOLTlERVpZbFFZZXdsYXpLUmZWbE9rVV9NQklUclNJTl9KTjluVndHYWNlUQ?oc=5"" target=""_blank"">次世代エネルギーの革新！高性能バッテリー 「ナトリウムイオン電池」 が切り拓く新時代</a>&nbsp;&nbsp;<font color=""#6f6f6f"">tel.co.jp</font>",https://news.google.com/rss/articles/CBMiZkFVX3lxTFB5QW82LU1rWjZ5TklteFhMM3BrN0UxNXc0SEs1SFdMMGRVMlR6ejBCbDJmNndXZnl1SXhOLTlERVpZbFFZZXdsYXpLUmZWbE9rVV9NQklUclNJTl9KTjluVndHYWNlUQ?oc=5
2025-07-04,8035,"【アナリスト評価】東京エレクトロン、レーティング中立を据置き、目標株価26,100円に引上げ（米系大手証券）(アイフィス株予報) - Yahoo!ファイナンス","<a href=""https://news.google.com/rss/articles/CBMihwFBVV95cUxOS25EbkN4LUVJMnJGTC1IU0QyeW9XX0wyQkxxYi13Z3VOdk9qc1NXY25uYXhJZXhtVC11ZkVSODA3TFVoU0NERkhkWmlYSktmeXp4cEpMZnZjWHJFdE1yZGE5NUhrN3BtZDJWQV9LVU83MnVMQWpDZ2pXM2JqeU1QUDhpa0hiUlU?oc=5"" target=""_blank"">【アナリスト評価】東京エレクトロン、レーティング中立を据置き、目標株価26,100円に引上げ（米系大手証券）(アイフィス株予報)</a>&nbsp;&nbsp;<font color=""#6f6f6f"">Yahoo!ファイナンス</font>",https://news.google.com/rss/articles/CBMihwFBVV95cUxOS25EbkN4LUVJMnJGTC1IU0QyeW9XX0wyQkxxYi13Z3VOdk9qc1NXY25uYXhJZXhtVC11ZkVSODA3TFVoU0NERkhkWmlYSktmeXp4cEpMZnZjWHJFdE1yZGE5NUhrN3BtZDJWQV9LVU83MnVMQWpDZ2pXM2JqeU1QUDhpa0hiUlU?oc=5
2025-07-08,8035,"【アナリスト評価】東京エレクトロン、レーティング中立を据置き、目標株価27,900円に引上げ（米系大手証券）(アイフィス株予報) - Yahoo!ファイナンス","<a href=""https://news.google.com/rss/articles/CBMihwFBVV95cUxOeG1wLUlsSGNQaUdIWjA2QTh2NWM0VDQ5UzhEQnp3UloyZE5NNHNHVWtLdThjWXktQUlrV0VtT19DUGZHTndBYTJlS211S2pySUlIeHZXZDNWSU0tRHlibGVFRUpYeHozMWx1RDFtakZxanI1VU1tV3ZBclFfU1BrdXJKVlN5Q1U?oc=5"" target=""_blank"">【アナリスト評価】東京エレクトロン、レーティング中立を据置き、目標株価27,900円に引上げ（米系大手証券）(アイフィス株予報)</a>&nbsp;&nbsp;<font color=""#6f6f6f"">Yahoo!ファイナンス</font>",https://news.google.com/rss/articles/CBMihwFBVV95cUxOeG1wLUlsSGNQaUdIWjA2QTh2NWM0VDQ5UzhEQnp3UloyZE5NNHNHVWtLdThjWXktQUlrV0VtT19DUGZHTndBYTJlS211S2pySUlIeHZXZDNWSU0tRHlibGVFRUpYeHozMWx1RDFtakZxanI1VU1tV3ZBclFfU1BrdXJKVlN5Q1U?oc=5
2025-07-07,8035,"【アナリスト評価】東京エレクトロン、レーティング中立を据置き、目標株価29,500円に引上げ（米系大手証券）(アイフィス株予報) - Yahoo!ファイナンス","<a href=""https://news.google.com/rss/articles/CBMihwFBVV95cUxPbkc5NmUtQ1FoMkNadi1OTHFwdm9KOEwtMERuRGFJeTExV2I0djFoM21Zc093eGR5ay1kMGMwN2ZGcWZCaWdhYUZpaGdXTlJ3TDVMVHB0VVpHYUhUc210TWxkRm8xcHkxaEVKckotemhyY1B3dXJmeDJPdWUtZkJWS1BUUndEWlU?oc=5"" target=""_blank"">【アナリスト評価】東京エレクトロン、レーティング中立を据置き、目標株価29,500円に引上げ（米系大手証券）(アイフィス株予報)</a>&nbsp;&nbsp;<font color=""#6f6f6f"">Yahoo!ファイナンス</font>",https://news.google.com/rss/articles/CBMihwFBVV95cUxPbkc5NmUtQ1FoMkNadi1OTHFwdm9KOEwtMERuRGFJeTExV2I0djFoM21Zc093eGR5ay1kMGMwN2ZGcWZCaWdhYUZpaGdXTlJ3TDVMVHB0VVpHYUhUc210TWxkRm8xcHkxaEVKckotemhyY1B3dXJmeDJPdWUtZkJWS1BUUndEWlU?oc=5
2025-07-04,8035,"【アナリスト評価】東京エレクトロン、レーティング強気を継続、目標株価32,000円に引上げ（米系大手証券）(アイフィス株予報) - Yahoo!ファイナンス","<a href=""https://news.google.com/rss/articles/CBMihwFBVV95cUxOODk3MUxjSWRhYXlWRlNXdUlVeHFCM2J4MEVWbDJrZjJtc1FCcEVGUHV2QkFuV0JtcTFncmlnU1RJc1RRMk1tS3dEbFhOSzdLLXFZYzJPUlpnalJrSWRzQ1dsUlBPd3UxcHFiOUVsQUZWblF0Vk80UFBmYUxsR19PTmdrc3l0YW8?oc=5"" target=""_blank"">【アナリスト評価】東京エレクトロン、レーティング強気を継続、目標株価32,000円に引上げ（米系大手証券）(アイフィス株予報)</a>&nbsp;&nbsp;<font color=""#6f6f6f"">Yahoo!ファイナンス</font>",https://news.google.com/rss/articles/CBMihwFBVV95cUxOODk3MUxjSWRhYXlWRlNXdUlVeHFCM2J4MEVWbDJrZjJtc1FCcEVGUHV2QkFuV0JtcTFncmlnU1RJc1RRMk1tS3dEbFhOSzdLLXFZYzJPUlpnalJrSWRzQ1dsUlBPd3UxcHFiOUVsQUZWblF0Vk80UFBmYUxsR19PTmdrc3l0YW8?oc=5
2025-07-04,8035,"【アナリスト評価】東京エレクトロン、レーティング強気を継続、目標株価33,000円に引上げ（欧州系大手証券）(アイフィス株予報) - Yahoo!ファイナンス","<a href=""https://news.google.com/rss/articles/CBMihwFBVV95cUxQYzFnTGVMaFRhNklGcFVmclpEbW9LUGliWXpJNklyZm9iUTBRQTVITWJJQmJpSHJDY0lNbklucUcxQ3hGWnk4YWNpbXRHdWZGOEZxVkh4RTVveGFLTzl3RnpEaTdlSGNJMkJrU0h1RFdzVlNVTWJsVmtqZk5KamRQNnMxek90S2c?oc=5"" target=""_blank"">【アナリスト評価】東京エレクトロン、レーティング強気を継続、目標株価33,000円に引上げ（欧州系大手証券）(アイフィス株予報)</a>&nbsp;&nbsp;<font color=""#6f6f6f"">Yahoo!ファイナンス</font>",https://news.google.com/rss/articles/CBMihwFBVV95cUxQYzFnTGVMaFRhNklGcFVmclpEbW9LUGliWXpJNklyZm9iUTBRQTVITWJJQmJpSHJDY0lNbklucUcxQ3hGWnk4YWNpbXRHdWZGOEZxVkh4RTVveGFLTzl3RnpEaTdlSGNJMkJrU0h1RFdzVlNVTWJsVmtqZk5KamRQNnMxek90S2c?oc=5
2025-06-24,8035,厚生労働省後援「第14回 日本HRチャレンジ大賞」授賞企業決定！ 東京エレクトロン、住友生命、キヤノンなど - PR TIMES,"<a href=""https://news.google.com/rss/articles/CBMiakFVX3lxTFA5SUtPQWFubXBiVFpXdlV5Wkl2UXdlbUZlRjFCaFhCbVAxcFVoRUtlUmpvRWdCY080aWRuOVU4Q2g3OVBVaDM0aC1vel8yWFNSR3paazBoT3dndEJwdnNIWGhQaFA2X1lOSUE?oc=5"" target=""_blank"">厚生労働省後援「第14回 日本HRチャレンジ大賞」授賞企業決定！ 東京エレクトロン、住友生命、キヤノンなど</a>&nbsp;&nbsp;<font color=""#6f6f6f"">PR TIMES</font>",https://news.google.com/rss/articles/CBMiakFVX3lxTFA5SUtPQWFubXBiVFpXdlV5Wkl2UXdlbUZlRjFCaFhCbVAxcFVoRUtlUmpvRWdCY080aWRuOVU4Q2g3OVBVaDM0aC1vel8yWFNSR3paazBoT3dndEJwdnNIWGhQaFA2X1lOSUE?oc=5
2025-07-04,8035,東京エレクトロン－MSMUFGが目標株価を引き上げ 中国のWFE市場の不透明というリスクは残る〔DZH 個別株情報〕(時事通信) - Yahoo!ファイナンス,"<a href=""https://news.google.com/rss/articles/CBMihwFBVV95cUxPcFI2RjJWYlVaVW9oVExIenFMQ3VVbzJRZWFsQzVEdjA4d1U5U2xXTVJPSUVqY2VxZnh4TTVIVnhzZnZHaS1nU2pudmxrWnY2bENpdFA2VWVkV3FwMkluOFJldUFrMndnbWNTdER1V2JtajdEdVJIeGJVQXBKaG9yVXU2Uk1tN2M?oc=5"" target=""_blank"">東京エレクトロン－MSMUFGが目標株価を引き上げ 中国のWFE市場の不透明というリスクは残る〔DZH 個別株情報〕(時事通信)</a>&nbsp;&nbsp;<font color=""#6f6f6f"">Yahoo!ファイナンス</font>",https://news.google.com/rss/articles/CBMihwFBVV95cUxPcFI2RjJWYlVaVW9oVExIenFMQ3VVbzJRZWFsQzVEdjA4d1U5U2xXTVJPSUVqY2VxZnh4TTVIVnhzZnZHaS1nU2pudmxrWnY2bENpdFA2VWVkV3FwMkluOFJldUFrMndnbWNTdER1V2JtajdEdVJIeGJVQXBKaG9yVXU2Uk1tN2M?oc=5
2025-06-26,8035,東京エレクトロン－3日続伸 米ハイテク株高を好感 エヌビディアが上場来高値更新(トレーダーズ・ウェブ) - Yahoo!ファイナンス,"<a href=""https://news.google.com/rss/articles/CBMihwFBVV95cUxNc2ttbFQ0Vkh4bkJCWExSVjN4MDRqQ2VuWEI4Q2FSSXFSOVVGZzlDSjRUUXZvMkNRQ0lJTWthajRDQzFiV0VTX0U1MDJfNVJENl9Mam8yNTR2dGRHZlJkcFByZzZ1WEVvc3B4Mm5BYzVleU91ZHMxUnR3VEZLVkFacWRRcF9xMnM?oc=5"" target=""_blank"">東京エレクトロン－3日続伸 米ハイテク株高を好感 エヌビディアが上場来高値更新(トレーダーズ・ウェブ)</a>&nbsp;&nbsp;<font color=""#6f6f6f"">Yahoo!ファイナンス</font>",https://news.google.com/rss/articles/CBMihwFBVV95cUxNc2ttbFQ0Vkh4bkJCWExSVjN4MDRqQ2VuWEI4Q2FSSXFSOVVGZzlDSjRUUXZvMkNRQ0lJTWthajRDQzFiV0VTX0U1MDJfNVJENl9Mam8yNTR2dGRHZlJkcFByZzZ1WEVvc3B4Mm5BYzVleU91ZHMxUnR3VEZLVkFacWRRcF9xMnM?oc=5
2025-07-07,8035,東京エレクトロン（8035）の株価は+0.46%の上昇。配当利回りは2.27％（2025年7月4日・株式取引概況） - LIMO | くらしとお金の経済メディア,"<a href=""https://news.google.com/rss/articles/CBMiS0FVX3lxTE1EYkRHOHFETkF2ZnhWaXgxRHJvNXNmWFJrUEpfd1duWVRSRjZUNjkySEc5dTlpLWZBd3M0RHk4S0t6eEltYnFoX3VOZw?oc=5"" target=""_blank"">東京エレクトロン（8035）の株価は+0.46%の上昇。配当利回りは2.27％（2025年7月4日・株式取引概況）</a>&nbsp;&nbsp;<font color=""#6f6f6f"">LIMO | くらしとお金の経済メディア</font>",https://news.google.com/rss/articles/CBMiS0FVX3lxTE1EYkRHOHFETkF2ZnhWaXgxRHJvNXNmWFJrUEpfd1duWVRSRjZUNjkySEc5dTlpLWZBd3M0RHk4S0t6eEltYnFoX3VOZw?oc=5
2025-07-17,2134,北浜キャピタル－急騰 トラストコーポレーションの株式を追加取得(トレーダーズ・ウェブ) - Yahoo!ファイナンス,"<a href=""https://news.google.com/rss/articles/CBMihwFBVV95cUxOY0tQUHM2RURRVWhRd25yNGZ3bzFaUTBLVjVxOEdYaXppc0Njbm5ja2pQd3RSLXF4bWRRU2pueTNLcko2Q1NFbjc5eUJ4dEFGS3QzT01HN2dVYkxydnRGcy1KNmtxc0FUMnpEZk5BQm1DZXpJSHNfRzlWMWJLTzc5MTcxM2xMaXc?oc=5"" target=""_blank"">北浜キャピタル－急騰 トラストコーポレーションの株式を追加取得(トレーダーズ・ウェブ)</a>&nbsp;&nbsp;<font color=""#6f6f6f"">Yahoo!ファイナンス</font>",https://news.google.com/rss/articles/CBMihwFBVV95cUxOY0tQUHM2RURRVWhRd25yNGZ3bzFaUTBLVjVxOEdYaXppc0Njbm5ja2pQd3RSLXF4bWRRU2pueTNLcko2Q1NFbjc5eUJ4dEFGS3QzT01HN2dVYkxydnRGcy1KNmtxc0FUMnpEZk5BQm1DZXpJSHNfRzlWMWJLTzc5MTcxM2xMaXc?oc=5
2025-07-15,2134,株式会社Adoが北浜キャピタルパートナーズ株式会社＜2134＞株式の変更報告書を提出（保有減少） - ｄメニューニュース,"<a href=""https://news.google.com/rss/articles/CBMihAFBVV95cUxPTEs1cTFvNUF6cVE3dTZNRzV3VHQ0NU8wMkRoZVRlRzRsaGtRWnRZTHh5ZFpBbFlqdVN4dUEzYUY1ZWhnOTJrR3RVeGt2aHA1M29lV3doV2NLUkxONk5QRk1EV2ljM1huWWFrVnRsTG51R2h2ZHRCaEt3WDQtMDk5RnQxM3TSAYoBQVVfeXFMTW9ab1ByQTBfSExHV2M0YUNtY3A1S0s0NGJMY2ZQbkoxcWdRVnhyaHpqa29NTUpBcEdfRm42UVo3eS00bWJoaEJMMHdYT3JUU2RUZk9QUVV4c1dSQ1ZxRUx3cV9ZdXdoYy1XbWlWcGxKcEF4T2kxc2U4bUJNWW03U1hTb1kwd2k1STBB?oc=5"" target=""_blank"">株式会社Adoが北浜キャピタルパートナーズ株式会社＜2134＞株式の変更報告書を提出（保有減少）</a>&nbsp;&nbsp;<font color=""#6f6f6f"">ｄメニューニュース</font>",https://news.google.com/rss/articles/CBMihAFBVV95cUxPTEs1cTFvNUF6cVE3dTZNRzV3VHQ0NU8wMkRoZVRlRzRsaGtRWnRZTHh5ZFpBbFlqdVN4dUEzYUY1ZWhnOTJrR3RVeGt2aHA1M29lV3doV2NLUkxONk5QRk1EV2ljM1huWWFrVnRsTG51R2h2ZHRCaEt3WDQtMDk5RnQxM3TSAYoBQVVfeXFMTW9ab1ByQTBfSExHV2M0YUNtY3A1S0s0NGJMY2ZQbkoxcWdRVnhyaHpqa29NTUpBcEdfRm42UVo3eS00bWJoaEJMMHdYT3JUU2RUZk9QUVV4c1dSQ1ZxRUx3cV9ZdXdoYy1XbWlWcGxKcEF4T2kxc2U4bUJNWW03U1hTb1kwd2k1STBB?oc=5
2025-06-18,2134,【5％ルール】：北浜キャピタルパートナーズ、ライフコーポレーション2社(フィスコ) - Yahoo!ファイナンス,"<a href=""https://news.google.com/rss/articles/CBMihwFBVV95cUxPd01PcURuZXFVMjlhWmtXVUZoakNyM0hSaWdyd1FGcFlUTkNFSDZOeDZ5VUFsR0FJa19ybmswWXY4YS1ZdTQzVm84ekpfYlRnSW9Jb2c3Y2hPQmlyazQ4V043MkhobzdWTUNTYXZrNEdRQVJNZFNNaXZOYnF0V3B6ZEtDOHptTWs?oc=5"" target=""_blank"">【5％ルール】：北浜キャピタルパートナーズ、ライフコーポレーション2社(フィスコ)</a>&nbsp;&nbsp;<font color=""#6f6f6f"">Yahoo!ファイナンス</font>",https://news.google.com/rss/articles/CBMihwFBVV95cUxPd01PcURuZXFVMjlhWmtXVUZoakNyM0hSaWdyd1FGcFlUTkNFSDZOeDZ5VUFsR0FJa19ybmswWXY4YS1ZdTQzVm84ekpfYlRnSW9Jb2c3Y2hPQmlyazQ4V043MkhobzdWTUNTYXZrNEdRQVJNZFNNaXZOYnF0V3B6ZEtDOHptTWs?oc=5
2025-07-15,2134,株式会社Adoが北浜キャピタルパートナーズ株式会社＜2134＞株式の大量保有報告書を提出 - ｄメニューニュース,"<a href=""https://news.google.com/rss/articles/CBMihAFBVV95cUxOZjdqdTIzY3FUdjZEN1pva0JLcjV6M2dsREQxWU0wUmpDSnh3V0JHOXlJR1ZoQ2Etd3ItMzZ3UHZvOTdfMDNsSXRxYk1GeVhtWU93QU00X0hXdXV3QjZSNXhxWENJaEFLTFhJSzBZZDdDN2MyY0ZGUkVOUVVsaXlCdlJCbm3SAYoBQVVfeXFMUG5SNVE5RjM3TDhYRzg0Z1lqTXNmQngxWUNHNTg3aDVxck5kU2YzbWp3SnE0UGYtZTNJbnBQMWljUUxSeEZnTlJiMDYxOEp1Z0dGU0J2aHZfS0tScl81T2NXUi05TTZrSVBvV0FXTUI3akIwaDJfeFJkWTlxZDNhamVuSE5SYmxIaXFR?oc=5"" target=""_blank"">株式会社Adoが北浜キャピタルパートナーズ株式会社＜2134＞株式の大量保有報告書を提出</a>&nbsp;&nbsp;<font color=""#6f6f6f"">ｄメニューニュース</font>",https://news.google.com/rss/articles/CBMihAFBVV95cUxOZjdqdTIzY3FUdjZEN1pva0JLcjV6M2dsREQxWU0wUmpDSnh3V0JHOXlJR1ZoQ2Etd3ItMzZ3UHZvOTdfMDNsSXRxYk1GeVhtWU93QU00X0hXdXV3QjZSNXhxWENJaEFLTFhJSzBZZDdDN2MyY0ZGUkVOUVVsaXlCdlJCbm3SAYoBQVVfeXFMUG5SNVE5RjM3TDhYRzg0Z1lqTXNmQngxWUNHNTg3aDVxck5kU2YzbWp3SnE0UGYtZTNJbnBQMWljUUxSeEZnTlJiMDYxOEp1Z0dGU0J2aHZfS0tScl81T2NXUi05TTZrSVBvV0FXTUI3akIwaDJfeFJkWTlxZDNhamVuSE5SYmxIaXFR?oc=5
2025-07-07,2134,株式会社Adoが北浜キャピタルパートナーズ株式会社＜2134＞株式の変更報告書を提出（保有減少） - ｄメニューニュース,"<a href=""https://news.google.com/rss/articles/CBMihAFBVV95cUxPYlRQMlVVZVM4ekFfX3E2NFd3bkd3azhGVktHQktmQ1lCdHBzWldnclQ3RlpDRkowWW5GYV9aRE5COFBucUlMNkg4RTktMndjME1RNUlIT25aTFdUcTJFZjg2YWtmMTlqX2doSzNFM0hHS2VlLUVFV2tQWmNsdThYbjNJQUTSAYoBQVVfeXFMUHpTVUllRTBSVlh1Y2xfQ2xxNzY0Q0JIUTdRUVcxaDV1dFE4MmVuV1RrQ0VOT2hxNWMwbTRWNEpLQ29RdFFxLTN6QXRaUl9fZWdOYlBIT2ZUZkRITjdzWWJyNkJjMWtzWUUxS2RLcFFQUWdaMGlid1hGa3RfdVRHU19URk00YnZISXVn?oc=5"" target=""_blank"">株式会社Adoが北浜キャピタルパートナーズ株式会社＜2134＞株式の変更報告書を提出（保有減少）</a>&nbsp;&nbsp;<font color=""#6f6f6f"">ｄメニューニュース</font>",https://news.google.com/rss/articles/CBMihAFBVV95cUxPYlRQMlVVZVM4ekFfX3E2NFd3bkd3azhGVktHQktmQ1lCdHBzWldnclQ3RlpDRkowWW5GYV9aRE5COFBucUlMNkg4RTktMndjME1RNUlIT25aTFdUcTJFZjg2YWtmMTlqX2doSzNFM0hHS2VlLUVFV2tQWmNsdThYbjNJQUTSAYoBQVVfeXFMUHpTVUllRTBSVlh1Y2xfQ2xxNzY0Q0JIUTdRUVcxaDV1dFE4MmVuV1RrQ0VOT2hxNWMwbTRWNEpLQ29RdFFxLTN6QXRaUl9fZWdOYlBIT2ZUZkRITjdzWWJyNkJjMWtzWUUxS2RLcFFQUWdaMGlid1hGa3RfdVRHU19URk00YnZISXVn?oc=5
2025-07-03,2134,株式会社Adoが北浜キャピタルパートナーズ株式会社＜2134＞株式の変更報告書を提出 - ｄメニューニュース,"<a href=""https://news.google.com/rss/articles/CBMilwFBVV95cUxQdGstU05qRjkweG5TZE5BSkFEb3k3bE52RkVQcks2bEFuNkdnMkFrMlREVWtlZUx3VVpPMm5NM3o0eXc5dU5yZW9OdnBabWR1SXdXcWVpWGdwRUxwZWMyNXpONl9oMzVCYmZEWHUwYUg4d1dZNHpDb0dJc1haWmF1dUtzR3ExQS02RDBGMUhxY3dma1pRZHM40gGKAUFVX3lxTE5ORVU2YTh5WmlIVDMyaGpWVjBKaXhKYXFnYWF3SlZ6QXpDRGNtZFNYZ25ucWN6ZmxFMFg3bUp4bkE0clQwZXcxWVhXQ2FLNDBKSEhDd1JNVFhKQkZHQnYxV01xNTJOaUJIRjlSY2xIRDhVRlRwbFYwcXhEQWsyUFdQYmd5SmN6bVNNZw?oc=5"" target=""_blank"">株式会社Adoが北浜キャピタルパートナーズ株式会社＜2134＞株式の変更報告書を提出</a>&nbsp;&nbsp;<font color=""#6f6f6f"">ｄメニューニュース</font>",https://news.google.com/rss/articles/CBMilwFBVV95cUxQdGstU05qRjkweG5TZE5BSkFEb3k3bE52RkVQcks2bEFuNkdnMkFrMlREVWtlZUx3VVpPMm5NM3o0eXc5dU5yZW9OdnBabWR1SXdXcWVpWGdwRUxwZWMyNXpONl9oMzVCYmZEWHUwYUg4d1dZNHpDb0dJc1haWmF1dUtzR3ExQS02RDBGMUhxY3dma1pRZHM40gGKAUFVX3lxTE5ORVU2YTh5WmlIVDMyaGpWVjBKaXhKYXFnYWF3SlZ6QXpDRGNtZFNYZ25ucWN6ZmxFMFg3bUp4bkE0clQwZXcxWVhXQ2FLNDBKSEhDd1JNVFhKQkZHQnYxV01xNTJOaUJIRjlSY2xIRDhVRlRwbFYwcXhEQWsyUFdQYmd5SmN6bVNNZw?oc=5
2025-06-18,2134,株式会社Adoが北浜キャピタルパートナーズ株式会社＜2134＞株式の変更報告書を提出（保有減少） - ｄメニューニュース,"<a href=""https://news.google.com/rss/articles/CBMihAFBVV95cUxPYno0VGZ6MG4zeFY4Q0pqeXI1dF9kalA3UmctWVZTMENqUHhTYXp2RjZVUjB5S09YZ0lNOWJvS3ZTeHh4SFoyc28xcWFSbllQUVp2a2hPLV9xamNrZlM4bXJfZjhrUTdnUjNkYUpaOGN1R00ydDJDYUd3aUNlY1ZWbno1MUTSAYoBQVVfeXFMTUdYdWpuc2tscVRiTUZwZE9YMGpMSENsLWN4SkxOUWplemdQVmVNbGQwbHNIU0pfNHM3RkNkTnhISVREY3F0dXNpWWdDMzY5V0RuRkRycTZTN3FjUTc4NDZMQU5YMVliZ1ZoZ0tiN0tZTk1CNzYyb2FzVzdUQXRhM3MwdVJJWXNkXzBB?oc=5"" target=""_blank"">株式会社Adoが北浜キャピタルパートナーズ株式会社＜2134＞株式の変更報告書を提出（保有減少）</a>&nbsp;&nbsp;<font color=""#6f6f6f"">ｄメニューニュース</font>",https://news.google.com/rss/articles/CBMihAFBVV95cUxPYno0VGZ6MG4zeFY4Q0pqeXI1dF9kalA3UmctWVZTMENqUHhTYXp2RjZVUjB5S09YZ0lNOWJvS3ZTeHh4SFoyc28xcWFSbllQUVp2a2hPLV9xamNrZlM4bXJfZjhrUTdnUjNkYUpaOGN1R00ydDJDYUd3aUNlY1ZWbno1MUTSAYoBQVVfeXFMTUdYdWpuc2tscVRiTUZwZE9YMGpMSENsLWN4SkxOUWplemdQVmVNbGQwbHNIU0pfNHM3RkNkTnhISVREY3F0dXNpWWdDMzY5V0RuRkRycTZTN3FjUTc4NDZMQU5YMVliZ1ZoZ0tiN0tZTk1CNzYyb2FzVzdUQXRhM3MwdVJJWXNkXzBB?oc=5
2025-07-09,2134,株式会社Adoが北浜キャピタルパートナーズ株式会社＜2134＞株式の変更報告書を提出（保有減少） - MSN,"<a href=""https://news.google.com/rss/articles/CBMiqARBVV95cUxNX1RqM0NNM3REM29ndjFxLW93WENDVjQxUEZKVHpJaHBwX25sRGFYbVI1bnhRa3ROejFaRU0xcFpwaXpNQTB2ejM4TFZ4U21VRFBpaVVMOE5qNFN6MllQcnBKUTRCeTFVNHFJcTl2UkVaYmZ3OGxCS3lWbGZoQmlTaGpNMUw5RGk2c2duam9oQXZid0xkVFp6ZHNVVGhvZU9PV0ptSlVONFhVSjZqVmR4UWUwOUZreXpKUjRHUkkxVVBJZlluWVp1MW01SXU4V2VGdnFqZDFLaWVTZzFHdnd6d3UzZWRDV2lidHFtX3lkeUxMQzF3dzFqWW1QZ00zYmVTdzdOanVjYXJTM19pSEFqX24zWmpPMjFRRVp0bUJ0eUZMNi1zVnhpb0pmQWtVVXVfWnF3YldfRmJRNUliVFA2cnhPV19lMFRZM1BTUldqZ3FZQkJHeTJ0TWpaZ0QxTlVNckhJVmkxQ215YkhLb2RMS0s1UDFrUF9aeFpzUUJQZ29HTjJIeldTbmtDWG5uUERqUVEyTUJmRXZBbUJkazhPeE9aWGpvdFRQM2VLOF93UVVlVlJwSEs2ZXVxV0NZdlZvczBwNHh4WUFyZjZyM2JkQWg0MjhGd2labXpmZHR1Mm5RcUJRS1lJTDRqT1h3SldCZ3ZiSFU3TWw2YnR2UlpzZml3LUNJdkVjOUg2Y2RBdU9kbjhNQWFOZ2lMLVJUa1lUNGJXX29NRGw?oc=5"" target=""_blank"">株式会社Adoが北浜キャピタルパートナーズ株式会社＜2134＞株式の変更報告書を提出（保有減少）</a>&nbsp;&nbsp;<font color=""#6f6f6f"">MSN</font>",https://news.google.com/rss/articles/CBMiqARBVV95cUxNX1RqM0NNM3REM29ndjFxLW93WENDVjQxUEZKVHpJaHBwX25sRGFYbVI1bnhRa3ROejFaRU0xcFpwaXpNQTB2ejM4TFZ4U21VRFBpaVVMOE5qNFN6MllQcnBKUTRCeTFVNHFJcTl2UkVaYmZ3OGxCS3lWbGZoQmlTaGpNMUw5RGk2c2duam9oQXZid0xkVFp6ZHNVVGhvZU9PV0ptSlVONFhVSjZqVmR4UWUwOUZreXpKUjRHUkkxVVBJZlluWVp1MW01SXU4V2VGdnFqZDFLaWVTZzFHdnd6d3UzZWRDV2lidHFtX3lkeUxMQzF3dzFqWW1QZ00zYmVTdzdOanVjYXJTM19pSEFqX24zWmpPMjFRRVp0bUJ0eUZMNi1zVnhpb0pmQWtVVXVfWnF3YldfRmJRNUliVFA2cnhPV19lMFRZM1BTUldqZ3FZQkJHeTJ0TWpaZ0QxTlVNckhJVmkxQ215YkhLb2RMS0s1UDFrUF9aeFpzUUJQZ29HTjJIeldTbmtDWG5uUERqUVEyTUJmRXZBbUJkazhPeE9aWGpvdFRQM2VLOF93UVVlVlJwSEs2ZXVxV0NZdlZvczBwNHh4WUFyZjZyM2JkQWg0MjhGd2labXpmZHR1Mm5RcUJRS1lJTDRqT1h3SldCZ3ZiSFU3TWw2YnR2UlpzZml3LUNJdkVjOUg2Y2RBdU9kbjhNQWFOZ2lMLVJUa1lUNGJXX29NRGw?oc=5
2025-06-25,2134,株式会社Adoが北浜キャピタルパートナーズ株式会社＜2134＞株式の変更報告書を提出（保有減少） (2025年6月25日) - Excite エキサイト,"<a href=""https://news.google.com/rss/articles/CBMia0FVX3lxTE11bGlLNHRCcVpKbHFZVHJlVkVQM1pMNE9ZRW9ZWDVZMmhJZ1FHdVZ4R21EZ1RUaGJ0aU5oSGlWTTFVLTdoazBLT1VjS0N0LTZyTUNVTGtsaDVBdWxYZ2hWdTR3NWxMQ1VPT09Z?oc=5"" target=""_blank"">株式会社Adoが北浜キャピタルパートナーズ株式会社＜2134＞株式の変更報告書を提出（保有減少） (2025年6月25日)</a>&nbsp;&nbsp;<font color=""#6f6f6f"">Excite エキサイト</font>",https://news.google.com/rss/articles/CBMia0FVX3lxTE11bGlLNHRCcVpKbHFZVHJlVkVQM1pMNE9ZRW9ZWDVZMmhJZ1FHdVZ4R21EZ1RUaGJ0aU5oSGlWTTFVLTdoazBLT1VjS0N0LTZyTUNVTGtsaDVBdWxYZ2hWdTR3NWxMQ1VPT09Z?oc=5
2025-06-18,2134,株式会社Adoが北浜キャピタルパートナーズ株式会社＜2134＞株式の変更報告書を提出（保有減少） (2025年6月18日) - Excite エキサイト,"<a href=""https://news.google.com/rss/articles/CBMia0FVX3lxTE5pd1lPeTJ1RzM1NlFlRmNzMjNBUDE3czBLdGZuLXNtZTk5eGllUUVjUjMzdXRVZzlyd3oxYmdSYWItQ2ZsQktHSERobExoQy1jZzk3WDFwRUMzRG5fcGhvZnlOcE9GQVJnR2hN?oc=5"" target=""_blank"">株式会社Adoが北浜キャピタルパートナーズ株式会社＜2134＞株式の変更報告書を提出（保有減少） (2025年6月18日)</a>&nbsp;&nbsp;<font color=""#6f6f6f"">Excite エキサイト</font>",https://news.google.com/rss/articles/CBMia0FVX3lxTE5pd1lPeTJ1RzM1NlFlRmNzMjNBUDE3czBLdGZuLXNtZTk5eGllUUVjUjMzdXRVZzlyd3oxYmdSYWItQ2ZsQktHSERobExoQy1jZzk3WDFwRUMzRG5fcGhvZnlOcE9GQVJnR2hN?oc=5
2025-07-13,7888,前日に動いた銘柄 part1 AIRMAN、三光合成、セレスなど(フィスコ) - Yahoo!ファイナンス,"<a href=""https://news.google.com/rss/articles/CBMihwFBVV95cUxPcU5JeXpBV1JzRDBhSUM3RzlxMktEa2EyWGdWYktOa3oxWmRuZGxlU1l5Z2ZuU2hWUVV2VWFnbjZhak5naFY4V0EyUW9val9DcENObGE0MTVOTV9GbDZVZUNiZG9vWnhJQ0NreHczaC1PSDZ1X2NhQWVoSDZZeUVUb1R4ZDJwY2s?oc=5"" target=""_blank"">前日に動いた銘柄 part1 AIRMAN、三光合成、セレスなど(フィスコ)</a>&nbsp;&nbsp;<font color=""#6f6f6f"">Yahoo!ファイナンス</font>",https://news.google.com/rss/articles/CBMihwFBVV95cUxPcU5JeXpBV1JzRDBhSUM3RzlxMktEa2EyWGdWYktOa3oxWmRuZGxlU1l5Z2ZuU2hWUVV2VWFnbjZhak5naFY4V0EyUW9val9DcENObGE0MTVOTV9GbDZVZUNiZG9vWnhJQ0NreHczaC1PSDZ1X2NhQWVoSDZZeUVUb1R4ZDJwY2s?oc=5
2025-07-11,7888,【注目】 話題株ピックアップ【夕刊】（3）：グロースｘＰ、三光合成、チムスピ - かぶたん,"<a href=""https://news.google.com/rss/articles/CBMiYEFVX3lxTE9iWlptZ2ltcFhuaXZXcnRzRGNyVmNDQXdNOXRJcXpVcXZGaS1HOWtyMXM1Y0VVRDNQRzhDU2VwUmhMVFVnTDRjV1dFQmlybWdGUEhuS3h4ZE9jMEZoTWczeQ?oc=5"" target=""_blank"">【注目】 話題株ピックアップ【夕刊】（3）：グロースｘＰ、三光合成、チムスピ</a>&nbsp;&nbsp;<font color=""#6f6f6f"">かぶたん</font>",https://news.google.com/rss/articles/CBMiYEFVX3lxTE9iWlptZ2ltcFhuaXZXcnRzRGNyVmNDQXdNOXRJcXpVcXZGaS1HOWtyMXM1Y0VVRDNQRzhDU2VwUmhMVFVnTDRjV1dFQmlybWdGUEhuS3h4ZE9jMEZoTWczeQ?oc=5
2025-07-11,7888,三光合成が急速人気化、前期大幅増益に続き今期もピーク更新基調で増配も評価 - みんかぶ,"<a href=""https://news.google.com/rss/articles/CBMiRkFVX3lxTFBFQkZyWTJiXzRCWjROX2w5b2U1MldXOEwwSlNvOGx3cERnQS0yNkRLRTJfZXNVMHNraWlJNzVEaWNPT1ExVWc?oc=5"" target=""_blank"">三光合成が急速人気化、前期大幅増益に続き今期もピーク更新基調で増配も評価</a>&nbsp;&nbsp;<font color=""#6f6f6f"">みんかぶ</font>",https://news.google.com/rss/articles/CBMiRkFVX3lxTFBFQkZyWTJiXzRCWjROX2w5b2U1MldXOEwwSlNvOGx3cERnQS0yNkRLRTJfZXNVMHNraWlJNzVEaWNPT1ExVWc?oc=5
2025-07-10,7888,三光合成[7888]：2025年5月期決算短信[日本基準]（連結） 2025年7月10日(適時開示) ：日経会社情報DIGITAL - 日本経済新聞,"<a href=""https://news.google.com/rss/articles/CBMiakFVX3lxTE9WT1JwdmVMZ0dCRkx3b2ZCektOMXZlM2I4dmVYUUNhZDg5YUJXVDQzVm9KSnJsREkxOW90emozMXFiS2d0M1VFNkE4a3gtX0dLQVM1aFhPSEdLWnlLM09hZjhtSG5vLWY2Tnc?oc=5"" target=""_blank"">三光合成[7888]：2025年5月期決算短信[日本基準]（連結） 2025年7月10日(適時開示) ：日経会社情報DIGITAL</a>&nbsp;&nbsp;<font color=""#6f6f6f"">日本経済新聞</font>",https://news.google.com/rss/articles/CBMiakFVX3lxTE9WT1JwdmVMZ0dCRkx3b2ZCektOMXZlM2I4dmVYUUNhZDg5YUJXVDQzVm9KSnJsREkxOW90emozMXFiS2d0M1VFNkE4a3gtX0dLQVM1aFhPSEdLWnlLM09hZjhtSG5vLWY2Tnc?oc=5
2025-07-13,7888,前日に動いた銘柄 part1 AIRMAN、三光合成、セレスなど 執筆： Fisco - Investing.com - FX | 株式市場 | ファイナンス | 金融ニュース,"<a href=""https://news.google.com/rss/articles/CBMicEFVX3lxTE5xVmg3YjJnbkJoVUtrTEwyZXcyUmVUemd1RVQ2RlNrSWZZLW11T3FuQXFrVU9yUGcyMVMyRXNSQXZEeXhNSkw2SUtFNEo2YkUxZ283OVhqallqNnpZUkJqaFltLVFVZzc0eXhRQ2p5cXY?oc=5"" target=""_blank"">前日に動いた銘柄 part1 AIRMAN、三光合成、セレスなど 執筆： Fisco</a>&nbsp;&nbsp;<font color=""#6f6f6f"">Investing.com - FX | 株式市場 | ファイナンス | 金融ニュース</font>",https://news.google.com/rss/articles/CBMicEFVX3lxTE5xVmg3YjJnbkJoVUtrTEwyZXcyUmVUemd1RVQ2RlNrSWZZLW11T3FuQXFrVU9yUGcyMVMyRXNSQXZEeXhNSkw2SUtFNEo2YkUxZ283OVhqallqNnpZUkJqaFltLVFVZzc0eXhRQ2p5cXY?oc=5
2025-07-10,7888,三光合成、米工場の体制増強 関税念頭に現地生産強化 - 北日本新聞webunプラス,"<a href=""https://news.google.com/rss/articles/CBMiSkFVX3lxTFBwWl9iTTJ2TVJ3QjFCTWpFWXRMQXdvYUlOQUY0NWZsbm5PcTFCb3AxODVHZGlic0FxbDN0dHNicUpUU19vZ0J5enVB?oc=5"" target=""_blank"">三光合成、米工場の体制増強 関税念頭に現地生産強化</a>&nbsp;&nbsp;<font color=""#6f6f6f"">北日本新聞webunプラス</font>",https://news.google.com/rss/articles/CBMiSkFVX3lxTFBwWl9iTTJ2TVJ3QjFCTWpFWXRMQXdvYUlOQUY0NWZsbm5PcTFCb3AxODVHZGlic0FxbDN0dHNicUpUU19vZ0J5enVB?oc=5
2025-07-11,7888,【市況】 個別銘柄戦略:メディアドゥや三光合成に注目 - かぶたん,"<a href=""https://news.google.com/rss/articles/CBMiYEFVX3lxTE9uTG9EOTFsa3YxQ3NuRHF1LURwNWkwQzh6SVB0NXJ5OE1RQlBGOExfTmpRdVV6cFU3clFxZmlzQnZraFZ3UnBBMjN3bTQyMEk5OGVlMENUU21YMmxsZ285Ug?oc=5"" target=""_blank"">【市況】 個別銘柄戦略:メディアドゥや三光合成に注目</a>&nbsp;&nbsp;<font color=""#6f6f6f"">かぶたん</font>",https://news.google.com/rss/articles/CBMiYEFVX3lxTE9uTG9EOTFsa3YxQ3NuRHF1LURwNWkwQzh6SVB0NXJ5OE1RQlBGOExfTmpRdVV6cFU3clFxZmlzQnZraFZ3UnBBMjN3bTQyMEk5OGVlMENUU21YMmxsZ285Ug?oc=5
2025-07-11,7888,前場コメント No.4 ホームポジ、イズミ、三光合成、アルバイトタイ、ＤＷＴＩ、トライアル(トレーダーズ・ウェブ) - Yahoo!ファイナンス,"<a href=""https://news.google.com/rss/articles/CBMihwFBVV95cUxPMmY1M1BHWTlQU190d2V5Y3k2eXZVMGZqd1c0TGR5SU9MMDEyVTdZbk5ZOC1TTExqck9iblZkVDNqLUpiTVQ1enNZY1FPcE92SW5QaW9hN1NSdkdpbzZaTFdYTE1xeWVNTDlkazNQTUJaNmNycllRSnNSTnhKOTdjblUyNlAycEU?oc=5"" target=""_blank"">前場コメント No.4 ホームポジ、イズミ、三光合成、アルバイトタイ、ＤＷＴＩ、トライアル(トレーダーズ・ウェブ)</a>&nbsp;&nbsp;<font color=""#6f6f6f"">Yahoo!ファイナンス</font>",https://news.google.com/rss/articles/CBMihwFBVV95cUxPMmY1M1BHWTlQU190d2V5Y3k2eXZVMGZqd1c0TGR5SU9MMDEyVTdZbk5ZOC1TTExqck9iblZkVDNqLUpiTVQ1enNZY1FPcE92SW5QaW9hN1NSdkdpbzZaTFdYTE1xeWVNTDlkazNQTUJaNmNycllRSnNSTnhKOTdjblUyNlAycEU?oc=5
2025-07-11,7888,【材料】 ＜動意株・１１日＞（前引け）＝三光合成、アルバイトＴ、シリコンスタ - かぶたん,"<a href=""https://news.google.com/rss/articles/CBMiYEFVX3lxTE5tVTlMZVBqLVZnMFRqSjk3MF9aeXRVeFJVcURFLUlHcDQ3M0lQZW9RS3I0b3RMS3NWWVRBT2ZEYTBwUmJXNVNEV0s4a2JWYk9DR2VOODcwQ09BV1p1QnlGOA?oc=5"" target=""_blank"">【材料】 ＜動意株・１１日＞（前引け）＝三光合成、アルバイトＴ、シリコンスタ</a>&nbsp;&nbsp;<font color=""#6f6f6f"">かぶたん</font>",https://news.google.com/rss/articles/CBMiYEFVX3lxTE5tVTlMZVBqLVZnMFRqSjk3MF9aeXRVeFJVcURFLUlHcDQ3M0lQZW9RS3I0b3RMS3NWWVRBT2ZEYTBwUmJXNVNEV0s4a2JWYk9DR2VOODcwQ09BV1p1QnlGOA?oc=5
2025-07-10,7888,今朝の注目ニュース！ ★チムスピ、シリコンスタ、三光合成などに注目！(株探ニュース) - Yahoo!ファイナンス,"<a href=""https://news.google.com/rss/articles/CBMihwFBVV95cUxOWUxON2VHRzAwQkdtUGxzYzR3aDAxeWlUX2xCank1SFNzMVpmX0lyLXN2VXZQTE4wamxoZ3p4ZThXR0ZiaHpiQVlzQ0NvQWl4WHNoTWxYZ3VDcV9oWTU2TFFuYmFvVmtYakVLNEswNDdVY2hnSTVtUjlaUV9YVDlES2VyZWJ0d2c?oc=5"" target=""_blank"">今朝の注目ニュース！ ★チムスピ、シリコンスタ、三光合成などに注目！(株探ニュース)</a>&nbsp;&nbsp;<font color=""#6f6f6f"">Yahoo!ファイナンス</font>",https://news.google.com/rss/articles/CBMihwFBVV95cUxOWUxON2VHRzAwQkdtUGxzYzR3aDAxeWlUX2xCank1SFNzMVpmX0lyLXN2VXZQTE4wamxoZ3p4ZThXR0ZiaHpiQVlzQ0NvQWl4WHNoTWxYZ3VDcV9oWTU2TFFuYmFvVmtYakVLNEswNDdVY2hnSTVtUjlaUV9YVDlES2VyZWJ0d2c?oc=5
2025-07-11,7888,出来高変化率ランキング（9時台）～キャンドゥ、三光合成などがランクイン(フィスコ) - Yahoo!ファイナンス,"<a href=""https://news.google.com/rss/articles/CBMihwFBVV95cUxPWkI3dUlQanNVb1FBd3FleEE4dzJiVGtjUzZZMXRQcXRtUzUxVnBkWG8tS19Jci1TZFBod1cyQU1rX0k4ZVNhdzhtaEotTkFkOUdHYVdnLU1wc2xOYnBsZ2RMU29sWkxvNEtpVHB0ODBVemJKV1BiSEJVUnBmYkJfMjNpR2FoZmc?oc=5"" target=""_blank"">出来高変化率ランキング（9時台）～キャンドゥ、三光合成などがランクイン(フィスコ)</a>&nbsp;&nbsp;<font color=""#6f6f6f"">Yahoo!ファイナンス</font>",https://news.google.com/rss/articles/CBMihwFBVV95cUxPWkI3dUlQanNVb1FBd3FleEE4dzJiVGtjUzZZMXRQcXRtUzUxVnBkWG8tS19Jci1TZFBod1cyQU1rX0k4ZVNhdzhtaEotTkFkOUdHYVdnLU1wc2xOYnBsZ2RMU29sWkxvNEtpVHB0ODBVemJKV1BiSEJVUnBmYkJfMjNpR2FoZmc?oc=5
2025-07-11,7888,《11日のストップ高・ストップ安銘柄》：三光合成がストップ高(フィスコ) - Yahoo!ファイナンス,"<a href=""https://news.google.com/rss/articles/CBMihwFBVV95cUxOQ2RObEQ5MmVRa2pNSlpibTI1TzFfSDN3SkJuckdPUktCQklTWWhGdDRYLXlZdDlYOHNhczBYNEJEMExuUlVib0Zlc0x2ZFlTQjVaZXZXUDR2Mlp5bnBqRUJzMUZNOUZ4anJJNUVYN0xyNk5JZUU2X2lZdkJTcUU2dDF1RzBOSzg?oc=5"" target=""_blank"">《11日のストップ高・ストップ安銘柄》：三光合成がストップ高(フィスコ)</a>&nbsp;&nbsp;<font color=""#6f6f6f"">Yahoo!ファイナンス</font>",https://news.google.com/rss/articles/CBMihwFBVV95cUxOQ2RObEQ5MmVRa2pNSlpibTI1TzFfSDN3SkJuckdPUktCQklTWWhGdDRYLXlZdDlYOHNhczBYNEJEMExuUlVib0Zlc0x2ZFlTQjVaZXZXUDR2Mlp5bnBqRUJzMUZNOUZ4anJJNUVYN0xyNk5JZUU2X2lZdkJTcUU2dDF1RzBOSzg?oc=5
2025-07-10,7888,【本日のおすすめ銘柄】三光合成、25年5月期営業利益は従来予想を17％上回って着地(フィスコ) - Yahoo!ファイナンス,"<a href=""https://news.google.com/rss/articles/CBMimwFBVV95cUxPTjEwRlQ0dlIzbXk2TWV0b0RFb0hiTVNOdlFhYnQ3SEdtZTVEQkdZdW82Zmtfd0VKaHJUaXB3NTJGYW55SGM5eXRjNUxlY3pFLUxMUnZSWFlVRFcxOXVINzZFMmtUVHZ0bTNITzBGUHJQUmNWb1RWUmZwampLSzJpVVFZWkpPQ1VSWkJsbmxPLTlnZnNzempMX1ZGRQ?oc=5"" target=""_blank"">【本日のおすすめ銘柄】三光合成、25年5月期営業利益は従来予想を17％上回って着地(フィスコ)</a>&nbsp;&nbsp;<font color=""#6f6f6f"">Yahoo!ファイナンス</font>",https://news.google.com/rss/articles/CBMimwFBVV95cUxPTjEwRlQ0dlIzbXk2TWV0b0RFb0hiTVNOdlFhYnQ3SEdtZTVEQkdZdW82Zmtfd0VKaHJUaXB3NTJGYW55SGM5eXRjNUxlY3pFLUxMUnZSWFlVRFcxOXVINzZFMmtUVHZ0bTNITzBGUHJQUmNWb1RWUmZwampLSzJpVVFZWkpPQ1VSWkJsbmxPLTlnZnNzempMX1ZGRQ?oc=5
2025-07-10,7888,【決算速報】三光合成、経常32.3%増益。アナリスト予想を上回る(アイフィス株予報) - Yahoo!ファイナンス,"<a href=""https://news.google.com/rss/articles/CBMihwFBVV95cUxObXRjUk84ZXJvcmRmQ2hKbTFmbUdDOFF3ck1wemswVF9pU3FQQk9mQ2E4WDNTVm1TUzRUcm1HdXNyRUpSMm8tbEEtVmVpQkI2RmpZM0JIczhzdlZuaWRxXzZxYTgyemxlc2ZjWVVVTWxDSzV3U3V6YWhRaE0ySUw5bUNjOUlqREU?oc=5"" target=""_blank"">【決算速報】三光合成、経常32.3%増益。アナリスト予想を上回る(アイフィス株予報)</a>&nbsp;&nbsp;<font color=""#6f6f6f"">Yahoo!ファイナンス</font>",https://news.google.com/rss/articles/CBMihwFBVV95cUxObXRjUk84ZXJvcmRmQ2hKbTFmbUdDOFF3ck1wemswVF9pU3FQQk9mQ2E4WDNTVm1TUzRUcm1HdXNyRUpSMm8tbEEtVmVpQkI2RmpZM0JIczhzdlZuaWRxXzZxYTgyemxlc2ZjWVVVTWxDSzV3U3V6YWhRaE0ySUw5bUNjOUlqREU?oc=5
2025-07-11,7888,三光合成が急騰しストップ高カイ気配、２６年５月期は増収増益に配当増額を計画(ウエルスアドバイザー) - Yahoo!ファイナンス,"<a href=""https://news.google.com/rss/articles/CBMihwFBVV95cUxObmlBZ3FkemUtUE5tUl9KMm9LQTNxN3ZuQjd1S0lCY0pRMnpzMzlmQTJTeTNfVjM4M2gwalcxVm1jY0F3aGtYeVotLVd2SV9JMFU5ZUwwbXdKd2cteHRDSGhvbmJEWkxDX051VXhwQ2ZUTllIcG9Sd1EtNzRiTmtaSEltaUYtcjA?oc=5"" target=""_blank"">三光合成が急騰しストップ高カイ気配、２６年５月期は増収増益に配当増額を計画(ウエルスアドバイザー)</a>&nbsp;&nbsp;<font color=""#6f6f6f"">Yahoo!ファイナンス</font>",https://news.google.com/rss/articles/CBMihwFBVV95cUxObmlBZ3FkemUtUE5tUl9KMm9LQTNxN3ZuQjd1S0lCY0pRMnpzMzlmQTJTeTNfVjM4M2gwalcxVm1jY0F3aGtYeVotLVd2SV9JMFU5ZUwwbXdKd2cteHRDSGhvbmJEWkxDX051VXhwQ2ZUTllIcG9Sd1EtNzRiTmtaSEltaUYtcjA?oc=5
2025-07-11,7888,三光合成－買い気配 今期営業益8％増見込む 前期は計画上振れ着地〔DZH 個別株情報〕(時事通信) - Yahoo!ファイナンス,"<a href=""https://news.google.com/rss/articles/CBMihwFBVV95cUxQZjQ0ak9ybzVmUGlUZG80YnR6bkItRzg0a0d2cDcza3JOOERuYV9wSTI1ekM5RnJBQ3ZlWm1BUzZIQVRzWllTdDZSLWc3VHNxbzFiZHl0eENpVFlEQ282Rmo5UDh0Y3BjazRJVW5ubkx1YmlKSHB6TXJHY3dRX1NlaGxFZkpiRGc?oc=5"" target=""_blank"">三光合成－買い気配 今期営業益8％増見込む 前期は計画上振れ着地〔DZH 個別株情報〕(時事通信)</a>&nbsp;&nbsp;<font color=""#6f6f6f"">Yahoo!ファイナンス</font>",https://news.google.com/rss/articles/CBMihwFBVV95cUxQZjQ0ak9ybzVmUGlUZG80YnR6bkItRzg0a0d2cDcza3JOOERuYV9wSTI1ekM5RnJBQ3ZlWm1BUzZIQVRzWllTdDZSLWc3VHNxbzFiZHl0eENpVFlEQ282Rmo5UDh0Y3BjazRJVW5ubkx1YmlKSHB6TXJHY3dRX1NlaGxFZkpiRGc?oc=5
2025-07-10,7888,【決算速報】三光合成、今期経常は6％増で4期連続最高益、4円増配へ(株探ニュース) - Yahoo!ファイナンス,"<a href=""https://news.google.com/rss/articles/CBMihwFBVV95cUxQME5HeDB6US0wNTRFUE1ERVU0TDJYR0J5bXdzTEtIOXM5NFVYdVhhbHpmdkVrTHlNSWU2dVBhYmlEcUFRV014RkhxV05zT3dQN1R0NEhZa2tVcVlsYm9XejBYLTFuV0l3UTNlWEM4S2ZoTmVTQlRWMGtRUVBfREtsMHVlOFNoNlE?oc=5"" target=""_blank"">【決算速報】三光合成、今期経常は6％増で4期連続最高益、4円増配へ(株探ニュース)</a>&nbsp;&nbsp;<font color=""#6f6f6f"">Yahoo!ファイナンス</font>",https://news.google.com/rss/articles/CBMihwFBVV95cUxQME5HeDB6US0wNTRFUE1ERVU0TDJYR0J5bXdzTEtIOXM5NFVYdVhhbHpmdkVrTHlNSWU2dVBhYmlEcUFRV014RkhxV05zT3dQN1R0NEhZa2tVcVlsYm9XejBYLTFuV0l3UTNlWEM4S2ZoTmVTQlRWMGtRUVBfREtsMHVlOFNoNlE?oc=5
2025-07-10,7888,【決算（１０日）】各利益が過去最高 三光合成、５月期連結｜経済｜富山のニュース｜富山新聞 - 北國新聞,"<a href=""https://news.google.com/rss/articles/CBMiV0FVX3lxTFBYRkE5V0d0SjNtZ3NFV2pYbVozZ0FWR3FaQ2R5cXNOM3kyNlhrMkw0aFFGenhxME5JZ2JMWXhtVmhxWTNvTmxzd21PeHZmVGYxcmZHLWp3aw?oc=5"" target=""_blank"">【決算（１０日）】各利益が過去最高 三光合成、５月期連結｜経済｜富山のニュース｜富山新聞</a>&nbsp;&nbsp;<font color=""#6f6f6f"">北國新聞</font>",https://news.google.com/rss/articles/CBMiV0FVX3lxTFBYRkE5V0d0SjNtZ3NFV2pYbVozZ0FWR3FaQ2R5cXNOM3kyNlhrMkw0aFFGenhxME5JZ2JMWXhtVmhxWTNvTmxzd21PeHZmVGYxcmZHLWp3aw?oc=5
2025-07-10,7888,【決算（１０日）】各利益が過去最高 三光合成、５月期連結｜経済｜石川のニュース - 北國新聞,"<a href=""https://news.google.com/rss/articles/CBMiV0FVX3lxTE5YQW9CMzJRSllBZFB5NDl0U0Z2djgtengyNGlVTHp3aGlxeEtuaEZfVk9ENmthMXBTRkJGTUgxeXBhdlJ5bWtrY0pCZzdtS1dXN0tUS0hXWQ?oc=5"" target=""_blank"">【決算（１０日）】各利益が過去最高 三光合成、５月期連結｜経済｜石川のニュース</a>&nbsp;&nbsp;<font color=""#6f6f6f"">北國新聞</font>",https://news.google.com/rss/articles/CBMiV0FVX3lxTE5YQW9CMzJRSllBZFB5NDl0U0Z2djgtengyNGlVTHp3aGlxeEtuaEZfVk9ENmthMXBTRkJGTUgxeXBhdlJ5bWtrY0pCZzdtS1dXN0tUS0hXWQ?oc=5
2025-07-11,7888,【本日の注目個別銘柄】三光合成、UNEXT、OSGなど - マネーポストWEB,"<a href=""https://news.google.com/rss/articles/CBMiR0FVX3lxTE9KTXZka2wxYTlLLW80VGVZT3RfMWZ5TDM4TXZ5VHRxdnBmVmN5NXJVTmFPbUNGaHZ5VkxORmdzZzd4UmdlOFBZ?oc=5"" target=""_blank"">【本日の注目個別銘柄】三光合成、UNEXT、OSGなど</a>&nbsp;&nbsp;<font color=""#6f6f6f"">マネーポストWEB</font>",https://news.google.com/rss/articles/CBMiR0FVX3lxTE9KTXZka2wxYTlLLW80VGVZT3RfMWZ5TDM4TXZ5VHRxdnBmVmN5NXJVTmFPbUNGaHZ5VkxORmdzZzd4UmdlOFBZ?oc=5
2025-07-11,7888,三光合成---ストップ高、前期業績の大幅上振れ着地を好感 執筆： Fisco - Investing.com - FX | 株式市場 | ファイナンス | 金融ニュース,"<a href=""https://news.google.com/rss/articles/CBMicEFVX3lxTE10a1lwSVJXUy0yRnN0Y3FjOTlacDJsTlVOZl8xbFdPVzl4bEw2Y2g4cFZvRXFlQWxVenItMURJQ3NlT3gwSDhwY1R2X3dkMkZmNEtMejVoZi12MHh6alFsUjhxbUZqRWF6cVE4eFdLUUw?oc=5"" target=""_blank"">三光合成---ストップ高、前期業績の大幅上振れ着地を好感 執筆： Fisco</a>&nbsp;&nbsp;<font color=""#6f6f6f"">Investing.com - FX | 株式市場 | ファイナンス | 金融ニュース</font>",https://news.google.com/rss/articles/CBMicEFVX3lxTE10a1lwSVJXUy0yRnN0Y3FjOTlacDJsTlVOZl8xbFdPVzl4bEw2Y2g4cFZvRXFlQWxVenItMURJQ3NlT3gwSDhwY1R2X3dkMkZmNEtMejVoZi12MHh6alFsUjhxbUZqRWF6cVE4eFdLUUw?oc=5
2025-07-11,7888,出来高変化率ランキング（9時台）～キャンドゥ、三光合成などがランクイン 執筆： Fisco - Investing.com - FX | 株式市場 | ファイナンス | 金融ニュース,"<a href=""https://news.google.com/rss/articles/CBMicEFVX3lxTE5zam9NenREQm4xVG9ncExVN25hMzRya3NhZmZGYk5idUxuRXFCOG9GZEtCSmlOUTBueUVjRmNVTUtFRnJnd3VfVUIzUFZBdnoyeEwwcEFsU2ZMUGFIM29ubWF6bmRMdHRQSEdEZWxLeWg?oc=5"" target=""_blank"">出来高変化率ランキング（9時台）～キャンドゥ、三光合成などがランクイン 執筆： Fisco</a>&nbsp;&nbsp;<font color=""#6f6f6f"">Investing.com - FX | 株式市場 | ファイナンス | 金融ニュース</font>",https://news.google.com/rss/articles/CBMicEFVX3lxTE5zam9NenREQm4xVG9ncExVN25hMzRya3NhZmZGYk5idUxuRXFCOG9GZEtCSmlOUTBueUVjRmNVTUtFRnJnd3VfVUIzUFZBdnoyeEwwcEFsU2ZMUGFIM29ubWF6bmRMdHRQSEdEZWxLeWg?oc=5
2025-07-11,7888,注目銘柄ダイジェスト（前場）:三光合成、チームスピリット、UNEXTなど 執筆： Fisco - Investing.com - FX | 株式市場 | ファイナンス | 金融ニュース,"<a href=""https://news.google.com/rss/articles/CBMiZ0FVX3lxTFBSLXVCVTE2ZXNzT1R6WTlxWC1EZXNvcm5sWTRfY3hEU05XcElZV21CZ01uOHhSNnZOaENIb2RpOGVaQ3Izd3FkcWZsTzJlYjBhdV9KRnpEbDFJYUdsWDc3SXZPLXRET00?oc=5"" target=""_blank"">注目銘柄ダイジェスト（前場）:三光合成、チームスピリット、UNEXTなど 執筆： Fisco</a>&nbsp;&nbsp;<font color=""#6f6f6f"">Investing.com - FX | 株式市場 | ファイナンス | 金融ニュース</font>",https://news.google.com/rss/articles/CBMiZ0FVX3lxTFBSLXVCVTE2ZXNzT1R6WTlxWC1EZXNvcm5sWTRfY3hEU05XcElZV21CZ01uOHhSNnZOaENIb2RpOGVaQ3Izd3FkcWZsTzJlYjBhdV9KRnpEbDFJYUdsWDc3SXZPLXRET00?oc=5
2025-07-11,7888,個別銘柄戦略:メディアドゥや三光合成に注目 執筆： Fisco - Investing.com - FX | 株式市場 | ファイナンス | 金融ニュース,"<a href=""https://news.google.com/rss/articles/CBMiZ0FVX3lxTE9QU2hEM2JCVi1kdUlzYzNfUkV1eVk4WUJscXZwb0lJaldDNWxTWVUwdnNZdGx4TEpXNXZlZS1LdkFxQ1l4bHRYMF9wVHNseTZReFlJdkNKU0NkZ21Fb0dubFVoeWpKRnM?oc=5"" target=""_blank"">個別銘柄戦略:メディアドゥや三光合成に注目 執筆： Fisco</a>&nbsp;&nbsp;<font color=""#6f6f6f"">Investing.com - FX | 株式市場 | ファイナンス | 金融ニュース</font>",https://news.google.com/rss/articles/CBMiZ0FVX3lxTE9QU2hEM2JCVi1kdUlzYzNfUkV1eVk4WUJscXZwb0lJaldDNWxTWVUwdnNZdGx4TEpXNXZlZS1LdkFxQ1l4bHRYMF9wVHNseTZReFlJdkNKU0NkZ21Fb0dubFVoeWpKRnM?oc=5
2025-07-11,7888,三光合成が急速人気化、前期大幅増益に続き今期もピーク更新基調で増配も評価 (2025年7月11日掲載) - ライブドアニュース,"<a href=""https://news.google.com/rss/articles/CBMiXkFVX3lxTFBhTDVSYndXQnJxVzhZeE9FdFQ5S3ZYbGo5eVlWdHNaSktlWVVuTjF4S1Z3aUV5M0E0SlZtV19ERkVOQVFLeXk0QzQ0TkJwQ3p2azg0Vk5lMnMxb1MwN0E?oc=5"" target=""_blank"">三光合成が急速人気化、前期大幅増益に続き今期もピーク更新基調で増配も評価 (2025年7月11日掲載)</a>&nbsp;&nbsp;<font color=""#6f6f6f"">ライブドアニュース</font>",https://news.google.com/rss/articles/CBMiXkFVX3lxTFBhTDVSYndXQnJxVzhZeE9FdFQ5S3ZYbGo5eVlWdHNaSktlWVVuTjF4S1Z3aUV5M0E0SlZtV19ERkVOQVFLeXk0QzQ0TkJwQ3p2azg0Vk5lMnMxb1MwN0E?oc=5
2025-07-11,7888,動意株・１１日＞（前引け）＝三光合成、アルバイトＴ、シリコンスタ (2025年7月11日掲載) - ライブドアニュース,"<a href=""https://news.google.com/rss/articles/CBMiXkFVX3lxTE1QMzdVMEFhazdsRzFZejFfcmc1THFTR0tleTdHZ3h5ZGM3elJWNTZDdnNhdEZBdEJuR29SQnptdUpyam9VQzllYmVNdm0tenNkd3dIMFhQZVcxeFNiclE?oc=5"" target=""_blank"">動意株・１１日＞（前引け）＝三光合成、アルバイトＴ、シリコンスタ (2025年7月11日掲載)</a>&nbsp;&nbsp;<font color=""#6f6f6f"">ライブドアニュース</font>",https://news.google.com/rss/articles/CBMiXkFVX3lxTE1QMzdVMEFhazdsRzFZejFfcmc1THFTR0tleTdHZ3h5ZGM3elJWNTZDdnNhdEZBdEJuR29SQnptdUpyam9VQzllYmVNdm0tenNkd3dIMFhQZVcxeFNiclE?oc=5
2025-07-11,7888,前日に動いた銘柄 part1 AIRMAN、三光合成、 セレスなど - MSN,"<a href=""https://news.google.com/rss/articles/CBMivwJBVV95cUxOZUx3ZUIybVI5MnJpaFdHUUFMVTg4S0Z5Z0dGNnBfeEk1LTlZNkdwVnV1cWpnOE95LXo3NzBBWVpoUEtKVlpRWWRCYWE2OHdGQ1k1cXJ3MTNhQ05sc21iWF9ydFhLcWVnZTZQd2RFakJ6c1JXd1JaSzRWYjQtek13MTQ3SzlYUEowd0pCM2E0QV9DZjVIVWZYZ0I4RnFRNlN0ZVB2cGVVU21RRGVrVjZ1TjNHMW45WlZOcUJNV241QlhkVmVPV0tNUlRxQk5OMzNkLUZodEttSTd0TkV6b1d5Zi10eUpDdzc0Z3lQX3lZekU2RTlXanlVbFhBNng0ZGpOejJtY2hSRy1NU25ETDNMOUFxMDU4TVdnSllTWlUwaEhDRWZSeXpHRE5uOVBiOVE4Y0lqaW1wRFVRTXhhcjNR?oc=5"" target=""_blank"">前日に動いた銘柄 part1 AIRMAN、三光合成、 セレスなど</a>&nbsp;&nbsp;<font color=""#6f6f6f"">MSN</font>",https://news.google.com/rss/articles/CBMivwJBVV95cUxOZUx3ZUIybVI5MnJpaFdHUUFMVTg4S0Z5Z0dGNnBfeEk1LTlZNkdwVnV1cWpnOE95LXo3NzBBWVpoUEtKVlpRWWRCYWE2OHdGQ1k1cXJ3MTNhQ05sc21iWF9ydFhLcWVnZTZQd2RFakJ6c1JXd1JaSzRWYjQtek13MTQ3SzlYUEowd0pCM2E0QV9DZjVIVWZYZ0I4RnFRNlN0ZVB2cGVVU21RRGVrVjZ1TjNHMW45WlZOcUJNV241QlhkVmVPV0tNUlRxQk5OMzNkLUZodEttSTd0TkV6b1d5Zi10eUpDdzc0Z3lQX3lZekU2RTlXanlVbFhBNng0ZGpOejJtY2hSRy1NU25ETDNMOUFxMDU4TVdnSllTWlUwaEhDRWZSeXpHRE5uOVBiOVE4Y0lqaW1wRFVRTXhhcjNR?oc=5
